<?xml version="1.0" encoding="UTF-8"?>
<gpx version="1.1" creator="Re:Flight sample (real ADS-B track re-exported as a log)" xmlns="http://www.topografix.com/GPX/1/1">
 <trk><name>N2YV — Denali summit (sample)</name><trkseg>
  <trkpt lat="62.68476" lon="-150.32848"><ele>2735.0</ele><time>2026-08-08T00:00:02Z</time></trkpt>
  <trkpt lat="62.68503" lon="-150.32885"><ele>2737.1</ele><time>2026-08-08T00:00:03Z</time></trkpt>
  <trkpt lat="62.68534" lon="-150.32927"><ele>2739.5</ele><time>2026-08-08T00:00:04Z</time></trkpt>
  <trkpt lat="62.68569" lon="-150.32975"><ele>2742.0</ele><time>2026-08-08T00:00:05Z</time></trkpt>
  <trkpt lat="62.68609" lon="-150.33029"><ele>2745.0</ele><time>2026-08-08T00:00:06Z</time></trkpt>
  <trkpt lat="62.68653" lon="-150.33089"><ele>2748.1</ele><time>2026-08-08T00:00:07Z</time></trkpt>
  <trkpt lat="62.68700" lon="-150.33153"><ele>2751.4</ele><time>2026-08-08T00:00:08Z</time></trkpt>
  <trkpt lat="62.68750" lon="-150.33220"><ele>2755.1</ele><time>2026-08-08T00:00:09Z</time></trkpt>
  <trkpt lat="62.68800" lon="-150.33289"><ele>2758.7</ele><time>2026-08-08T00:00:10Z</time></trkpt>
  <trkpt lat="62.68851" lon="-150.33359"><ele>2762.4</ele><time>2026-08-08T00:00:11Z</time></trkpt>
  <trkpt lat="62.68901" lon="-150.33428"><ele>2765.8</ele><time>2026-08-08T00:00:12Z</time></trkpt>
  <trkpt lat="62.68950" lon="-150.33495"><ele>2769.4</ele><time>2026-08-08T00:00:13Z</time></trkpt>
  <trkpt lat="62.68997" lon="-150.33560"><ele>2772.8</ele><time>2026-08-08T00:00:14Z</time></trkpt>
  <trkpt lat="62.69042" lon="-150.33622"><ele>2776.1</ele><time>2026-08-08T00:00:15Z</time></trkpt>
  <trkpt lat="62.69086" lon="-150.33684"><ele>2779.5</ele><time>2026-08-08T00:00:16Z</time></trkpt>
  <trkpt lat="62.69130" lon="-150.33745"><ele>2782.5</ele><time>2026-08-08T00:00:17Z</time></trkpt>
  <trkpt lat="62.69174" lon="-150.33806"><ele>2785.9</ele><time>2026-08-08T00:00:18Z</time></trkpt>
  <trkpt lat="62.69218" lon="-150.33868"><ele>2788.9</ele><time>2026-08-08T00:00:19Z</time></trkpt>
  <trkpt lat="62.69262" lon="-150.33930"><ele>2792.3</ele><time>2026-08-08T00:00:20Z</time></trkpt>
  <trkpt lat="62.69306" lon="-150.33992"><ele>2795.3</ele><time>2026-08-08T00:00:21Z</time></trkpt>
  <trkpt lat="62.69350" lon="-150.34055"><ele>2798.4</ele><time>2026-08-08T00:00:22Z</time></trkpt>
  <trkpt lat="62.69394" lon="-150.34118"><ele>2801.4</ele><time>2026-08-08T00:00:23Z</time></trkpt>
  <trkpt lat="62.69439" lon="-150.34181"><ele>2804.5</ele><time>2026-08-08T00:00:24Z</time></trkpt>
  <trkpt lat="62.69484" lon="-150.34244"><ele>2807.5</ele><time>2026-08-08T00:00:25Z</time></trkpt>
  <trkpt lat="62.69529" lon="-150.34308"><ele>2810.3</ele><time>2026-08-08T00:00:26Z</time></trkpt>
  <trkpt lat="62.69573" lon="-150.34371"><ele>2813.0</ele><time>2026-08-08T00:00:27Z</time></trkpt>
  <trkpt lat="62.69618" lon="-150.34435"><ele>2815.7</ele><time>2026-08-08T00:00:28Z</time></trkpt>
  <trkpt lat="62.69663" lon="-150.34499"><ele>2818.2</ele><time>2026-08-08T00:00:29Z</time></trkpt>
  <trkpt lat="62.69708" lon="-150.34564"><ele>2820.6</ele><time>2026-08-08T00:00:30Z</time></trkpt>
  <trkpt lat="62.69753" lon="-150.34629"><ele>2823.1</ele><time>2026-08-08T00:00:31Z</time></trkpt>
  <trkpt lat="62.69799" lon="-150.34694"><ele>2825.2</ele><time>2026-08-08T00:00:32Z</time></trkpt>
  <trkpt lat="62.69845" lon="-150.34759"><ele>2827.6</ele><time>2026-08-08T00:00:33Z</time></trkpt>
  <trkpt lat="62.69890" lon="-150.34825"><ele>2829.8</ele><time>2026-08-08T00:00:34Z</time></trkpt>
  <trkpt lat="62.69935" lon="-150.34889"><ele>2832.2</ele><time>2026-08-08T00:00:35Z</time></trkpt>
  <trkpt lat="62.69980" lon="-150.34954"><ele>2834.6</ele><time>2026-08-08T00:00:36Z</time></trkpt>
  <trkpt lat="62.70024" lon="-150.35017"><ele>2837.1</ele><time>2026-08-08T00:00:37Z</time></trkpt>
  <trkpt lat="62.70068" lon="-150.35080"><ele>2839.5</ele><time>2026-08-08T00:00:38Z</time></trkpt>
  <trkpt lat="62.70113" lon="-150.35144"><ele>2842.3</ele><time>2026-08-08T00:00:39Z</time></trkpt>
  <trkpt lat="62.70158" lon="-150.35209"><ele>2845.3</ele><time>2026-08-08T00:00:40Z</time></trkpt>
  <trkpt lat="62.70204" lon="-150.35275"><ele>2848.4</ele><time>2026-08-08T00:00:41Z</time></trkpt>
  <trkpt lat="62.70250" lon="-150.35340"><ele>2851.7</ele><time>2026-08-08T00:00:42Z</time></trkpt>
  <trkpt lat="62.70295" lon="-150.35405"><ele>2855.1</ele><time>2026-08-08T00:00:43Z</time></trkpt>
  <trkpt lat="62.70340" lon="-150.35469"><ele>2858.4</ele><time>2026-08-08T00:00:44Z</time></trkpt>
  <trkpt lat="62.70384" lon="-150.35533"><ele>2861.8</ele><time>2026-08-08T00:00:45Z</time></trkpt>
  <trkpt lat="62.70429" lon="-150.35596"><ele>2865.4</ele><time>2026-08-08T00:00:46Z</time></trkpt>
  <trkpt lat="62.70473" lon="-150.35659"><ele>2868.8</ele><time>2026-08-08T00:00:47Z</time></trkpt>
  <trkpt lat="62.70517" lon="-150.35722"><ele>2872.4</ele><time>2026-08-08T00:00:48Z</time></trkpt>
  <trkpt lat="62.70561" lon="-150.35785"><ele>2875.8</ele><time>2026-08-08T00:00:49Z</time></trkpt>
  <trkpt lat="62.70605" lon="-150.35848"><ele>2879.1</ele><time>2026-08-08T00:00:50Z</time></trkpt>
  <trkpt lat="62.70650" lon="-150.35911"><ele>2882.8</ele><time>2026-08-08T00:00:51Z</time></trkpt>
  <trkpt lat="62.70695" lon="-150.35975"><ele>2886.2</ele><time>2026-08-08T00:00:52Z</time></trkpt>
  <trkpt lat="62.70739" lon="-150.36038"><ele>2889.8</ele><time>2026-08-08T00:00:53Z</time></trkpt>
  <trkpt lat="62.70784" lon="-150.36101"><ele>2893.2</ele><time>2026-08-08T00:00:54Z</time></trkpt>
  <trkpt lat="62.70828" lon="-150.36163"><ele>2896.8</ele><time>2026-08-08T00:00:55Z</time></trkpt>
  <trkpt lat="62.70873" lon="-150.36226"><ele>2900.2</ele><time>2026-08-08T00:00:56Z</time></trkpt>
  <trkpt lat="62.70918" lon="-150.36289"><ele>2903.5</ele><time>2026-08-08T00:00:57Z</time></trkpt>
  <trkpt lat="62.70962" lon="-150.36352"><ele>2907.2</ele><time>2026-08-08T00:00:58Z</time></trkpt>
  <trkpt lat="62.71008" lon="-150.36416"><ele>2910.5</ele><time>2026-08-08T00:00:59Z</time></trkpt>
  <trkpt lat="62.71053" lon="-150.36479"><ele>2914.2</ele><time>2026-08-08T00:01:00Z</time></trkpt>
  <trkpt lat="62.71098" lon="-150.36543"><ele>2917.5</ele><time>2026-08-08T00:01:01Z</time></trkpt>
  <trkpt lat="62.71143" lon="-150.36606"><ele>2920.9</ele><time>2026-08-08T00:01:02Z</time></trkpt>
  <trkpt lat="62.71187" lon="-150.36667"><ele>2923.9</ele><time>2026-08-08T00:01:03Z</time></trkpt>
  <trkpt lat="62.71232" lon="-150.36729"><ele>2927.3</ele><time>2026-08-08T00:01:04Z</time></trkpt>
  <trkpt lat="62.71276" lon="-150.36791"><ele>2930.7</ele><time>2026-08-08T00:01:05Z</time></trkpt>
  <trkpt lat="62.71321" lon="-150.36853"><ele>2933.7</ele><time>2026-08-08T00:01:06Z</time></trkpt>
  <trkpt lat="62.71366" lon="-150.36916"><ele>2937.1</ele><time>2026-08-08T00:01:07Z</time></trkpt>
  <trkpt lat="62.71411" lon="-150.36979"><ele>2940.1</ele><time>2026-08-08T00:01:08Z</time></trkpt>
  <trkpt lat="62.71456" lon="-150.37042"><ele>2943.5</ele><time>2026-08-08T00:01:09Z</time></trkpt>
  <trkpt lat="62.71502" lon="-150.37105"><ele>2946.5</ele><time>2026-08-08T00:01:10Z</time></trkpt>
  <trkpt lat="62.71547" lon="-150.37169"><ele>2949.9</ele><time>2026-08-08T00:01:11Z</time></trkpt>
  <trkpt lat="62.71592" lon="-150.37233"><ele>2952.9</ele><time>2026-08-08T00:01:12Z</time></trkpt>
  <trkpt lat="62.71637" lon="-150.37297"><ele>2956.3</ele><time>2026-08-08T00:01:13Z</time></trkpt>
  <trkpt lat="62.71682" lon="-150.37361"><ele>2959.6</ele><time>2026-08-08T00:01:14Z</time></trkpt>
  <trkpt lat="62.71727" lon="-150.37425"><ele>2962.7</ele><time>2026-08-08T00:01:15Z</time></trkpt>
  <trkpt lat="62.71771" lon="-150.37490"><ele>2966.0</ele><time>2026-08-08T00:01:16Z</time></trkpt>
  <trkpt lat="62.71816" lon="-150.37555"><ele>2969.1</ele><time>2026-08-08T00:01:17Z</time></trkpt>
  <trkpt lat="62.71861" lon="-150.37620"><ele>2972.4</ele><time>2026-08-08T00:01:18Z</time></trkpt>
  <trkpt lat="62.71905" lon="-150.37685"><ele>2975.8</ele><time>2026-08-08T00:01:19Z</time></trkpt>
  <trkpt lat="62.71950" lon="-150.37751"><ele>2978.8</ele><time>2026-08-08T00:01:20Z</time></trkpt>
  <trkpt lat="62.71995" lon="-150.37817"><ele>2982.2</ele><time>2026-08-08T00:01:21Z</time></trkpt>
  <trkpt lat="62.72041" lon="-150.37883"><ele>2985.2</ele><time>2026-08-08T00:01:22Z</time></trkpt>
  <trkpt lat="62.72086" lon="-150.37950"><ele>2988.6</ele><time>2026-08-08T00:01:23Z</time></trkpt>
  <trkpt lat="62.72132" lon="-150.38017"><ele>2991.9</ele><time>2026-08-08T00:01:24Z</time></trkpt>
  <trkpt lat="62.72177" lon="-150.38083"><ele>2995.0</ele><time>2026-08-08T00:01:25Z</time></trkpt>
  <trkpt lat="62.72222" lon="-150.38148"><ele>2998.0</ele><time>2026-08-08T00:01:26Z</time></trkpt>
  <trkpt lat="62.72267" lon="-150.38213"><ele>3001.1</ele><time>2026-08-08T00:01:27Z</time></trkpt>
  <trkpt lat="62.72313" lon="-150.38278"><ele>3004.1</ele><time>2026-08-08T00:01:28Z</time></trkpt>
  <trkpt lat="62.72358" lon="-150.38344"><ele>3007.2</ele><time>2026-08-08T00:01:29Z</time></trkpt>
  <trkpt lat="62.72404" lon="-150.38410"><ele>3010.2</ele><time>2026-08-08T00:01:30Z</time></trkpt>
  <trkpt lat="62.72450" lon="-150.38477"><ele>3013.3</ele><time>2026-08-08T00:01:31Z</time></trkpt>
  <trkpt lat="62.72496" lon="-150.38543"><ele>3016.3</ele><time>2026-08-08T00:01:32Z</time></trkpt>
  <trkpt lat="62.72542" lon="-150.38609"><ele>3019.0</ele><time>2026-08-08T00:01:33Z</time></trkpt>
  <trkpt lat="62.72587" lon="-150.38675"><ele>3022.1</ele><time>2026-08-08T00:01:34Z</time></trkpt>
  <trkpt lat="62.72632" lon="-150.38740"><ele>3025.1</ele><time>2026-08-08T00:01:35Z</time></trkpt>
  <trkpt lat="62.72676" lon="-150.38804"><ele>3028.2</ele><time>2026-08-08T00:01:36Z</time></trkpt>
  <trkpt lat="62.72721" lon="-150.38869"><ele>3031.5</ele><time>2026-08-08T00:01:37Z</time></trkpt>
  <trkpt lat="62.72766" lon="-150.38934"><ele>3034.6</ele><time>2026-08-08T00:01:38Z</time></trkpt>
  <trkpt lat="62.72811" lon="-150.39001"><ele>3037.9</ele><time>2026-08-08T00:01:39Z</time></trkpt>
  <trkpt lat="62.72856" lon="-150.39067"><ele>3041.3</ele><time>2026-08-08T00:01:40Z</time></trkpt>
  <trkpt lat="62.72900" lon="-150.39132"><ele>3044.6</ele><time>2026-08-08T00:01:41Z</time></trkpt>
  <trkpt lat="62.72944" lon="-150.39197"><ele>3048.0</ele><time>2026-08-08T00:01:42Z</time></trkpt>
  <trkpt lat="62.72987" lon="-150.39262"><ele>3051.4</ele><time>2026-08-08T00:01:43Z</time></trkpt>
  <trkpt lat="62.73031" lon="-150.39326"><ele>3054.7</ele><time>2026-08-08T00:01:44Z</time></trkpt>
  <trkpt lat="62.73074" lon="-150.39391"><ele>3058.1</ele><time>2026-08-08T00:01:45Z</time></trkpt>
  <trkpt lat="62.73118" lon="-150.39457"><ele>3061.4</ele><time>2026-08-08T00:01:46Z</time></trkpt>
  <trkpt lat="62.73163" lon="-150.39523"><ele>3064.8</ele><time>2026-08-08T00:01:47Z</time></trkpt>
  <trkpt lat="62.73208" lon="-150.39589"><ele>3068.1</ele><time>2026-08-08T00:01:48Z</time></trkpt>
  <trkpt lat="62.73252" lon="-150.39655"><ele>3071.5</ele><time>2026-08-08T00:01:49Z</time></trkpt>
  <trkpt lat="62.73297" lon="-150.39720"><ele>3074.5</ele><time>2026-08-08T00:01:50Z</time></trkpt>
  <trkpt lat="62.73341" lon="-150.39785"><ele>3077.6</ele><time>2026-08-08T00:01:51Z</time></trkpt>
  <trkpt lat="62.73386" lon="-150.39851"><ele>3080.6</ele><time>2026-08-08T00:01:52Z</time></trkpt>
  <trkpt lat="62.73432" lon="-150.39917"><ele>3083.7</ele><time>2026-08-08T00:01:53Z</time></trkpt>
  <trkpt lat="62.73478" lon="-150.39984"><ele>3086.7</ele><time>2026-08-08T00:01:54Z</time></trkpt>
  <trkpt lat="62.73524" lon="-150.40051"><ele>3089.8</ele><time>2026-08-08T00:01:55Z</time></trkpt>
  <trkpt lat="62.73569" lon="-150.40117"><ele>3092.8</ele><time>2026-08-08T00:01:56Z</time></trkpt>
  <trkpt lat="62.73615" lon="-150.40184"><ele>3095.9</ele><time>2026-08-08T00:01:57Z</time></trkpt>
  <trkpt lat="62.73659" lon="-150.40249"><ele>3098.9</ele><time>2026-08-08T00:01:58Z</time></trkpt>
  <trkpt lat="62.73703" lon="-150.40314"><ele>3101.9</ele><time>2026-08-08T00:01:59Z</time></trkpt>
  <trkpt lat="62.73747" lon="-150.40378"><ele>3105.0</ele><time>2026-08-08T00:02:00Z</time></trkpt>
  <trkpt lat="62.73790" lon="-150.40443"><ele>3108.4</ele><time>2026-08-08T00:02:01Z</time></trkpt>
  <trkpt lat="62.73834" lon="-150.40510"><ele>3111.7</ele><time>2026-08-08T00:02:02Z</time></trkpt>
  <trkpt lat="62.73879" lon="-150.40578"><ele>3115.4</ele><time>2026-08-08T00:02:03Z</time></trkpt>
  <trkpt lat="62.73923" lon="-150.40646"><ele>3119.0</ele><time>2026-08-08T00:02:04Z</time></trkpt>
  <trkpt lat="62.73966" lon="-150.40712"><ele>3122.7</ele><time>2026-08-08T00:02:05Z</time></trkpt>
  <trkpt lat="62.74009" lon="-150.40778"><ele>3126.6</ele><time>2026-08-08T00:02:06Z</time></trkpt>
  <trkpt lat="62.74051" lon="-150.40843"><ele>3130.3</ele><time>2026-08-08T00:02:07Z</time></trkpt>
  <trkpt lat="62.74093" lon="-150.40909"><ele>3134.3</ele><time>2026-08-08T00:02:08Z</time></trkpt>
  <trkpt lat="62.74135" lon="-150.40977"><ele>3137.9</ele><time>2026-08-08T00:02:09Z</time></trkpt>
  <trkpt lat="62.74178" lon="-150.41046"><ele>3141.3</ele><time>2026-08-08T00:02:10Z</time></trkpt>
  <trkpt lat="62.74222" lon="-150.41115"><ele>3144.6</ele><time>2026-08-08T00:02:11Z</time></trkpt>
  <trkpt lat="62.74266" lon="-150.41185"><ele>3147.7</ele><time>2026-08-08T00:02:12Z</time></trkpt>
  <trkpt lat="62.74308" lon="-150.41254"><ele>3150.7</ele><time>2026-08-08T00:02:13Z</time></trkpt>
  <trkpt lat="62.74351" lon="-150.41323"><ele>3153.5</ele><time>2026-08-08T00:02:14Z</time></trkpt>
  <trkpt lat="62.74394" lon="-150.41393"><ele>3155.9</ele><time>2026-08-08T00:02:15Z</time></trkpt>
  <trkpt lat="62.74437" lon="-150.41464"><ele>3158.6</ele><time>2026-08-08T00:02:16Z</time></trkpt>
  <trkpt lat="62.74481" lon="-150.41536"><ele>3161.1</ele><time>2026-08-08T00:02:17Z</time></trkpt>
  <trkpt lat="62.74526" lon="-150.41609"><ele>3163.5</ele><time>2026-08-08T00:02:18Z</time></trkpt>
  <trkpt lat="62.74570" lon="-150.41683"><ele>3166.0</ele><time>2026-08-08T00:02:19Z</time></trkpt>
  <trkpt lat="62.74615" lon="-150.41757"><ele>3168.4</ele><time>2026-08-08T00:02:20Z</time></trkpt>
  <trkpt lat="62.74660" lon="-150.41831"><ele>3170.8</ele><time>2026-08-08T00:02:21Z</time></trkpt>
  <trkpt lat="62.74705" lon="-150.41905"><ele>3173.6</ele><time>2026-08-08T00:02:22Z</time></trkpt>
  <trkpt lat="62.74749" lon="-150.41978"><ele>3176.3</ele><time>2026-08-08T00:02:23Z</time></trkpt>
  <trkpt lat="62.74793" lon="-150.42051"><ele>3179.1</ele><time>2026-08-08T00:02:24Z</time></trkpt>
  <trkpt lat="62.74836" lon="-150.42122"><ele>3181.8</ele><time>2026-08-08T00:02:25Z</time></trkpt>
  <trkpt lat="62.74879" lon="-150.42194"><ele>3184.9</ele><time>2026-08-08T00:02:26Z</time></trkpt>
  <trkpt lat="62.74922" lon="-150.42266"><ele>3187.6</ele><time>2026-08-08T00:02:27Z</time></trkpt>
  <trkpt lat="62.74965" lon="-150.42339"><ele>3190.6</ele><time>2026-08-08T00:02:28Z</time></trkpt>
  <trkpt lat="62.75009" lon="-150.42412"><ele>3193.7</ele><time>2026-08-08T00:02:29Z</time></trkpt>
  <trkpt lat="62.75052" lon="-150.42485"><ele>3196.7</ele><time>2026-08-08T00:02:30Z</time></trkpt>
  <trkpt lat="62.75095" lon="-150.42557"><ele>3199.8</ele><time>2026-08-08T00:02:31Z</time></trkpt>
  <trkpt lat="62.75139" lon="-150.42629"><ele>3202.8</ele><time>2026-08-08T00:02:32Z</time></trkpt>
  <trkpt lat="62.75182" lon="-150.42701"><ele>3206.2</ele><time>2026-08-08T00:02:33Z</time></trkpt>
  <trkpt lat="62.75224" lon="-150.42772"><ele>3209.2</ele><time>2026-08-08T00:02:34Z</time></trkpt>
  <trkpt lat="62.75267" lon="-150.42842"><ele>3212.3</ele><time>2026-08-08T00:02:35Z</time></trkpt>
  <trkpt lat="62.75310" lon="-150.42913"><ele>3215.6</ele><time>2026-08-08T00:02:36Z</time></trkpt>
  <trkpt lat="62.75354" lon="-150.42985"><ele>3218.7</ele><time>2026-08-08T00:02:37Z</time></trkpt>
  <trkpt lat="62.75399" lon="-150.43057"><ele>3222.0</ele><time>2026-08-08T00:02:38Z</time></trkpt>
  <trkpt lat="62.75443" lon="-150.43129"><ele>3225.4</ele><time>2026-08-08T00:02:39Z</time></trkpt>
  <trkpt lat="62.75487" lon="-150.43200"><ele>3228.7</ele><time>2026-08-08T00:02:40Z</time></trkpt>
  <trkpt lat="62.75531" lon="-150.43271"><ele>3232.1</ele><time>2026-08-08T00:02:41Z</time></trkpt>
  <trkpt lat="62.75575" lon="-150.43341"><ele>3235.1</ele><time>2026-08-08T00:02:42Z</time></trkpt>
  <trkpt lat="62.75619" lon="-150.43410"><ele>3238.5</ele><time>2026-08-08T00:02:43Z</time></trkpt>
  <trkpt lat="62.75663" lon="-150.43480"><ele>3241.9</ele><time>2026-08-08T00:02:44Z</time></trkpt>
  <trkpt lat="62.75707" lon="-150.43549"><ele>3245.2</ele><time>2026-08-08T00:02:45Z</time></trkpt>
  <trkpt lat="62.75751" lon="-150.43619"><ele>3248.6</ele><time>2026-08-08T00:02:46Z</time></trkpt>
  <trkpt lat="62.75795" lon="-150.43689"><ele>3251.9</ele><time>2026-08-08T00:02:47Z</time></trkpt>
  <trkpt lat="62.75839" lon="-150.43759"><ele>3255.3</ele><time>2026-08-08T00:02:48Z</time></trkpt>
  <trkpt lat="62.75883" lon="-150.43829"><ele>3258.6</ele><time>2026-08-08T00:02:49Z</time></trkpt>
  <trkpt lat="62.75927" lon="-150.43898"><ele>3262.0</ele><time>2026-08-08T00:02:50Z</time></trkpt>
  <trkpt lat="62.75971" lon="-150.43967"><ele>3265.3</ele><time>2026-08-08T00:02:51Z</time></trkpt>
  <trkpt lat="62.76015" lon="-150.44037"><ele>3268.7</ele><time>2026-08-08T00:02:52Z</time></trkpt>
  <trkpt lat="62.76059" lon="-150.44106"><ele>3272.3</ele><time>2026-08-08T00:02:53Z</time></trkpt>
  <trkpt lat="62.76104" lon="-150.44176"><ele>3275.7</ele><time>2026-08-08T00:02:54Z</time></trkpt>
  <trkpt lat="62.76148" lon="-150.44245"><ele>3278.7</ele><time>2026-08-08T00:02:55Z</time></trkpt>
  <trkpt lat="62.76193" lon="-150.44316"><ele>3282.1</ele><time>2026-08-08T00:02:56Z</time></trkpt>
  <trkpt lat="62.76238" lon="-150.44387"><ele>3285.4</ele><time>2026-08-08T00:02:57Z</time></trkpt>
  <trkpt lat="62.76284" lon="-150.44458"><ele>3288.5</ele><time>2026-08-08T00:02:58Z</time></trkpt>
  <trkpt lat="62.76329" lon="-150.44528"><ele>3291.2</ele><time>2026-08-08T00:02:59Z</time></trkpt>
  <trkpt lat="62.76374" lon="-150.44598"><ele>3294.0</ele><time>2026-08-08T00:03:00Z</time></trkpt>
  <trkpt lat="62.76418" lon="-150.44668"><ele>3296.7</ele><time>2026-08-08T00:03:01Z</time></trkpt>
  <trkpt lat="62.76463" lon="-150.44737"><ele>3299.2</ele><time>2026-08-08T00:03:02Z</time></trkpt>
  <trkpt lat="62.76508" lon="-150.44807"><ele>3301.6</ele><time>2026-08-08T00:03:03Z</time></trkpt>
  <trkpt lat="62.76553" lon="-150.44878"><ele>3304.0</ele><time>2026-08-08T00:03:04Z</time></trkpt>
  <trkpt lat="62.76599" lon="-150.44949"><ele>3306.2</ele><time>2026-08-08T00:03:05Z</time></trkpt>
  <trkpt lat="62.76644" lon="-150.45020"><ele>3308.6</ele><time>2026-08-08T00:03:06Z</time></trkpt>
  <trkpt lat="62.76690" lon="-150.45090"><ele>3311.0</ele><time>2026-08-08T00:03:07Z</time></trkpt>
  <trkpt lat="62.76735" lon="-150.45161"><ele>3313.2</ele><time>2026-08-08T00:03:08Z</time></trkpt>
  <trkpt lat="62.76781" lon="-150.45231"><ele>3315.6</ele><time>2026-08-08T00:03:09Z</time></trkpt>
  <trkpt lat="62.76826" lon="-150.45301"><ele>3318.4</ele><time>2026-08-08T00:03:10Z</time></trkpt>
  <trkpt lat="62.76871" lon="-150.45370"><ele>3320.8</ele><time>2026-08-08T00:03:11Z</time></trkpt>
  <trkpt lat="62.76916" lon="-150.45439"><ele>3323.8</ele><time>2026-08-08T00:03:12Z</time></trkpt>
  <trkpt lat="62.76961" lon="-150.45509"><ele>3326.6</ele><time>2026-08-08T00:03:13Z</time></trkpt>
  <trkpt lat="62.77006" lon="-150.45578"><ele>3329.6</ele><time>2026-08-08T00:03:14Z</time></trkpt>
  <trkpt lat="62.77052" lon="-150.45647"><ele>3332.7</ele><time>2026-08-08T00:03:15Z</time></trkpt>
  <trkpt lat="62.77097" lon="-150.45715"><ele>3336.0</ele><time>2026-08-08T00:03:16Z</time></trkpt>
  <trkpt lat="62.77141" lon="-150.45783"><ele>3339.1</ele><time>2026-08-08T00:03:17Z</time></trkpt>
  <trkpt lat="62.77186" lon="-150.45850"><ele>3342.4</ele><time>2026-08-08T00:03:18Z</time></trkpt>
  <trkpt lat="62.77231" lon="-150.45918"><ele>3345.8</ele><time>2026-08-08T00:03:19Z</time></trkpt>
  <trkpt lat="62.77276" lon="-150.45986"><ele>3349.1</ele><time>2026-08-08T00:03:20Z</time></trkpt>
  <trkpt lat="62.77321" lon="-150.46055"><ele>3352.5</ele><time>2026-08-08T00:03:21Z</time></trkpt>
  <trkpt lat="62.77366" lon="-150.46124"><ele>3355.5</ele><time>2026-08-08T00:03:22Z</time></trkpt>
  <trkpt lat="62.77412" lon="-150.46193"><ele>3358.9</ele><time>2026-08-08T00:03:23Z</time></trkpt>
  <trkpt lat="62.77457" lon="-150.46262"><ele>3361.9</ele><time>2026-08-08T00:03:24Z</time></trkpt>
  <trkpt lat="62.77502" lon="-150.46331"><ele>3365.3</ele><time>2026-08-08T00:03:25Z</time></trkpt>
  <trkpt lat="62.77547" lon="-150.46400"><ele>3368.3</ele><time>2026-08-08T00:03:26Z</time></trkpt>
  <trkpt lat="62.77592" lon="-150.46469"><ele>3371.4</ele><time>2026-08-08T00:03:27Z</time></trkpt>
  <trkpt lat="62.77637" lon="-150.46539"><ele>3374.4</ele><time>2026-08-08T00:03:28Z</time></trkpt>
  <trkpt lat="62.77682" lon="-150.46609"><ele>3377.5</ele><time>2026-08-08T00:03:29Z</time></trkpt>
  <trkpt lat="62.77728" lon="-150.46679"><ele>3380.8</ele><time>2026-08-08T00:03:30Z</time></trkpt>
  <trkpt lat="62.77773" lon="-150.46750"><ele>3383.9</ele><time>2026-08-08T00:03:31Z</time></trkpt>
  <trkpt lat="62.77819" lon="-150.46820"><ele>3386.9</ele><time>2026-08-08T00:03:32Z</time></trkpt>
  <trkpt lat="62.77865" lon="-150.46891"><ele>3390.0</ele><time>2026-08-08T00:03:33Z</time></trkpt>
  <trkpt lat="62.77911" lon="-150.46962"><ele>3393.0</ele><time>2026-08-08T00:03:34Z</time></trkpt>
  <trkpt lat="62.77958" lon="-150.47033"><ele>3396.1</ele><time>2026-08-08T00:03:35Z</time></trkpt>
  <trkpt lat="62.78004" lon="-150.47103"><ele>3399.1</ele><time>2026-08-08T00:03:36Z</time></trkpt>
  <trkpt lat="62.78050" lon="-150.47173"><ele>3402.2</ele><time>2026-08-08T00:03:37Z</time></trkpt>
  <trkpt lat="62.78096" lon="-150.47243"><ele>3405.2</ele><time>2026-08-08T00:03:38Z</time></trkpt>
  <trkpt lat="62.78143" lon="-150.47313"><ele>3408.3</ele><time>2026-08-08T00:03:39Z</time></trkpt>
  <trkpt lat="62.78190" lon="-150.47383"><ele>3411.3</ele><time>2026-08-08T00:03:40Z</time></trkpt>
  <trkpt lat="62.78236" lon="-150.47454"><ele>3414.1</ele><time>2026-08-08T00:03:41Z</time></trkpt>
  <trkpt lat="62.78284" lon="-150.47524"><ele>3417.1</ele><time>2026-08-08T00:03:42Z</time></trkpt>
  <trkpt lat="62.78331" lon="-150.47595"><ele>3420.2</ele><time>2026-08-08T00:03:43Z</time></trkpt>
  <trkpt lat="62.78377" lon="-150.47665"><ele>3423.2</ele><time>2026-08-08T00:03:44Z</time></trkpt>
  <trkpt lat="62.78424" lon="-150.47734"><ele>3426.3</ele><time>2026-08-08T00:03:45Z</time></trkpt>
  <trkpt lat="62.78470" lon="-150.47803"><ele>3429.0</ele><time>2026-08-08T00:03:46Z</time></trkpt>
  <trkpt lat="62.78516" lon="-150.47872"><ele>3432.0</ele><time>2026-08-08T00:03:47Z</time></trkpt>
  <trkpt lat="62.78562" lon="-150.47941"><ele>3435.1</ele><time>2026-08-08T00:03:48Z</time></trkpt>
  <trkpt lat="62.78608" lon="-150.48010"><ele>3438.4</ele><time>2026-08-08T00:03:49Z</time></trkpt>
  <trkpt lat="62.78655" lon="-150.48079"><ele>3441.5</ele><time>2026-08-08T00:03:50Z</time></trkpt>
  <trkpt lat="62.78701" lon="-150.48149"><ele>3444.8</ele><time>2026-08-08T00:03:51Z</time></trkpt>
  <trkpt lat="62.78748" lon="-150.48217"><ele>3448.2</ele><time>2026-08-08T00:03:52Z</time></trkpt>
  <trkpt lat="62.78793" lon="-150.48286"><ele>3451.6</ele><time>2026-08-08T00:03:53Z</time></trkpt>
  <trkpt lat="62.78839" lon="-150.48353"><ele>3454.9</ele><time>2026-08-08T00:03:54Z</time></trkpt>
  <trkpt lat="62.78884" lon="-150.48421"><ele>3458.3</ele><time>2026-08-08T00:03:55Z</time></trkpt>
  <trkpt lat="62.78930" lon="-150.48488"><ele>3461.6</ele><time>2026-08-08T00:03:56Z</time></trkpt>
  <trkpt lat="62.78976" lon="-150.48556"><ele>3464.7</ele><time>2026-08-08T00:03:57Z</time></trkpt>
  <trkpt lat="62.79022" lon="-150.48624"><ele>3467.7</ele><time>2026-08-08T00:03:58Z</time></trkpt>
  <trkpt lat="62.79068" lon="-150.48693"><ele>3470.8</ele><time>2026-08-08T00:03:59Z</time></trkpt>
  <trkpt lat="62.79115" lon="-150.48761"><ele>3473.8</ele><time>2026-08-08T00:04:00Z</time></trkpt>
  <trkpt lat="62.79161" lon="-150.48829"><ele>3476.5</ele><time>2026-08-08T00:04:01Z</time></trkpt>
  <trkpt lat="62.79208" lon="-150.48897"><ele>3479.3</ele><time>2026-08-08T00:04:02Z</time></trkpt>
  <trkpt lat="62.79255" lon="-150.48966"><ele>3481.7</ele><time>2026-08-08T00:04:03Z</time></trkpt>
  <trkpt lat="62.79303" lon="-150.49035"><ele>3484.2</ele><time>2026-08-08T00:04:04Z</time></trkpt>
  <trkpt lat="62.79351" lon="-150.49104"><ele>3486.6</ele><time>2026-08-08T00:04:05Z</time></trkpt>
  <trkpt lat="62.79399" lon="-150.49174"><ele>3488.7</ele><time>2026-08-08T00:04:06Z</time></trkpt>
  <trkpt lat="62.79447" lon="-150.49243"><ele>3491.2</ele><time>2026-08-08T00:04:07Z</time></trkpt>
  <trkpt lat="62.79494" lon="-150.49312"><ele>3493.6</ele><time>2026-08-08T00:04:08Z</time></trkpt>
  <trkpt lat="62.79541" lon="-150.49380"><ele>3495.8</ele><time>2026-08-08T00:04:09Z</time></trkpt>
  <trkpt lat="62.79588" lon="-150.49446"><ele>3498.2</ele><time>2026-08-08T00:04:10Z</time></trkpt>
  <trkpt lat="62.79633" lon="-150.49511"><ele>3500.9</ele><time>2026-08-08T00:04:11Z</time></trkpt>
  <trkpt lat="62.79679" lon="-150.49577"><ele>3503.7</ele><time>2026-08-08T00:04:12Z</time></trkpt>
  <trkpt lat="62.79726" lon="-150.49643"><ele>3506.7</ele><time>2026-08-08T00:04:13Z</time></trkpt>
  <trkpt lat="62.79774" lon="-150.49711"><ele>3509.8</ele><time>2026-08-08T00:04:14Z</time></trkpt>
  <trkpt lat="62.79823" lon="-150.49780"><ele>3513.4</ele><time>2026-08-08T00:04:15Z</time></trkpt>
  <trkpt lat="62.79871" lon="-150.49847"><ele>3517.1</ele><time>2026-08-08T00:04:16Z</time></trkpt>
  <trkpt lat="62.79918" lon="-150.49912"><ele>3520.7</ele><time>2026-08-08T00:04:17Z</time></trkpt>
  <trkpt lat="62.79964" lon="-150.49976"><ele>3524.7</ele><time>2026-08-08T00:04:18Z</time></trkpt>
  <trkpt lat="62.80010" lon="-150.50040"><ele>3528.7</ele><time>2026-08-08T00:04:19Z</time></trkpt>
  <trkpt lat="62.80056" lon="-150.50103"><ele>3532.6</ele><time>2026-08-08T00:04:20Z</time></trkpt>
  <trkpt lat="62.80103" lon="-150.50167"><ele>3536.3</ele><time>2026-08-08T00:04:21Z</time></trkpt>
  <trkpt lat="62.80151" lon="-150.50232"><ele>3540.3</ele><time>2026-08-08T00:04:22Z</time></trkpt>
  <trkpt lat="62.80198" lon="-150.50297"><ele>3543.9</ele><time>2026-08-08T00:04:23Z</time></trkpt>
  <trkpt lat="62.80247" lon="-150.50362"><ele>3547.9</ele><time>2026-08-08T00:04:24Z</time></trkpt>
  <trkpt lat="62.80295" lon="-150.50427"><ele>3551.5</ele><time>2026-08-08T00:04:25Z</time></trkpt>
  <trkpt lat="62.80344" lon="-150.50493"><ele>3555.2</ele><time>2026-08-08T00:04:26Z</time></trkpt>
  <trkpt lat="62.80393" lon="-150.50560"><ele>3559.1</ele><time>2026-08-08T00:04:27Z</time></trkpt>
  <trkpt lat="62.80443" lon="-150.50626"><ele>3562.8</ele><time>2026-08-08T00:04:28Z</time></trkpt>
  <trkpt lat="62.80492" lon="-150.50692"><ele>3566.5</ele><time>2026-08-08T00:04:29Z</time></trkpt>
  <trkpt lat="62.80541" lon="-150.50757"><ele>3569.8</ele><time>2026-08-08T00:04:30Z</time></trkpt>
  <trkpt lat="62.80590" lon="-150.50821"><ele>3573.5</ele><time>2026-08-08T00:04:31Z</time></trkpt>
  <trkpt lat="62.80638" lon="-150.50883"><ele>3576.5</ele><time>2026-08-08T00:04:32Z</time></trkpt>
  <trkpt lat="62.80686" lon="-150.50946"><ele>3579.9</ele><time>2026-08-08T00:04:33Z</time></trkpt>
  <trkpt lat="62.80734" lon="-150.51009"><ele>3582.6</ele><time>2026-08-08T00:04:34Z</time></trkpt>
  <trkpt lat="62.80783" lon="-150.51072"><ele>3585.4</ele><time>2026-08-08T00:04:35Z</time></trkpt>
  <trkpt lat="62.80832" lon="-150.51134"><ele>3587.8</ele><time>2026-08-08T00:04:36Z</time></trkpt>
  <trkpt lat="62.80880" lon="-150.51195"><ele>3590.2</ele><time>2026-08-08T00:04:37Z</time></trkpt>
  <trkpt lat="62.80928" lon="-150.51255"><ele>3592.4</ele><time>2026-08-08T00:04:38Z</time></trkpt>
  <trkpt lat="62.80976" lon="-150.51313"><ele>3594.5</ele><time>2026-08-08T00:04:39Z</time></trkpt>
  <trkpt lat="62.81023" lon="-150.51372"><ele>3596.9</ele><time>2026-08-08T00:04:40Z</time></trkpt>
  <trkpt lat="62.81072" lon="-150.51431"><ele>3600.0</ele><time>2026-08-08T00:04:41Z</time></trkpt>
  <trkpt lat="62.81121" lon="-150.51490"><ele>3603.0</ele><time>2026-08-08T00:04:42Z</time></trkpt>
  <trkpt lat="62.81170" lon="-150.51548"><ele>3606.7</ele><time>2026-08-08T00:04:43Z</time></trkpt>
  <trkpt lat="62.81220" lon="-150.51606"><ele>3610.7</ele><time>2026-08-08T00:04:44Z</time></trkpt>
  <trkpt lat="62.81269" lon="-150.51663"><ele>3615.2</ele><time>2026-08-08T00:04:45Z</time></trkpt>
  <trkpt lat="62.81318" lon="-150.51719"><ele>3620.1</ele><time>2026-08-08T00:04:46Z</time></trkpt>
  <trkpt lat="62.81369" lon="-150.51776"><ele>3625.3</ele><time>2026-08-08T00:04:47Z</time></trkpt>
  <trkpt lat="62.81420" lon="-150.51834"><ele>3630.2</ele><time>2026-08-08T00:04:48Z</time></trkpt>
  <trkpt lat="62.81473" lon="-150.51893"><ele>3635.3</ele><time>2026-08-08T00:04:49Z</time></trkpt>
  <trkpt lat="62.81527" lon="-150.51953"><ele>3640.2</ele><time>2026-08-08T00:04:50Z</time></trkpt>
  <trkpt lat="62.81582" lon="-150.52015"><ele>3644.8</ele><time>2026-08-08T00:04:51Z</time></trkpt>
  <trkpt lat="62.81637" lon="-150.52076"><ele>3648.8</ele><time>2026-08-08T00:04:52Z</time></trkpt>
  <trkpt lat="62.81690" lon="-150.52135"><ele>3652.1</ele><time>2026-08-08T00:04:53Z</time></trkpt>
  <trkpt lat="62.81743" lon="-150.52193"><ele>3655.5</ele><time>2026-08-08T00:04:54Z</time></trkpt>
  <trkpt lat="62.81797" lon="-150.52253"><ele>3658.2</ele><time>2026-08-08T00:04:55Z</time></trkpt>
  <trkpt lat="62.81854" lon="-150.52315"><ele>3661.0</ele><time>2026-08-08T00:04:56Z</time></trkpt>
  <trkpt lat="62.81911" lon="-150.52378"><ele>3663.7</ele><time>2026-08-08T00:04:57Z</time></trkpt>
  <trkpt lat="62.81969" lon="-150.52442"><ele>3666.1</ele><time>2026-08-08T00:04:58Z</time></trkpt>
  <trkpt lat="62.82026" lon="-150.52505"><ele>3668.6</ele><time>2026-08-08T00:04:59Z</time></trkpt>
  <trkpt lat="62.82082" lon="-150.52566"><ele>3670.7</ele><time>2026-08-08T00:05:00Z</time></trkpt>
  <trkpt lat="62.82135" lon="-150.52625"><ele>3672.8</ele><time>2026-08-08T00:05:01Z</time></trkpt>
  <trkpt lat="62.82186" lon="-150.52681"><ele>3675.3</ele><time>2026-08-08T00:05:02Z</time></trkpt>
  <trkpt lat="62.82234" lon="-150.52734"><ele>3677.4</ele><time>2026-08-08T00:05:03Z</time></trkpt>
  <trkpt lat="62.82284" lon="-150.52790"><ele>3680.2</ele><time>2026-08-08T00:05:04Z</time></trkpt>
  <trkpt lat="62.82337" lon="-150.52850"><ele>3683.2</ele><time>2026-08-08T00:05:05Z</time></trkpt>
  <trkpt lat="62.82390" lon="-150.52912"><ele>3686.3</ele><time>2026-08-08T00:05:06Z</time></trkpt>
  <trkpt lat="62.82438" lon="-150.52970"><ele>3689.6</ele><time>2026-08-08T00:05:07Z</time></trkpt>
  <trkpt lat="62.82481" lon="-150.53024"><ele>3693.0</ele><time>2026-08-08T00:05:08Z</time></trkpt>
  <trkpt lat="62.82523" lon="-150.53080"><ele>3696.0</ele><time>2026-08-08T00:05:09Z</time></trkpt>
  <trkpt lat="62.82567" lon="-150.53143"><ele>3698.4</ele><time>2026-08-08T00:05:10Z</time></trkpt>
  <trkpt lat="62.82613" lon="-150.53212"><ele>3700.0</ele><time>2026-08-08T00:05:11Z</time></trkpt>
  <trkpt lat="62.82658" lon="-150.53286"><ele>3700.6</ele><time>2026-08-08T00:05:12Z</time></trkpt>
  <trkpt lat="62.82703" lon="-150.53365"><ele>3700.0</ele><time>2026-08-08T00:05:13Z</time></trkpt>
  <trkpt lat="62.82747" lon="-150.53448"><ele>3698.7</ele><time>2026-08-08T00:05:14Z</time></trkpt>
  <trkpt lat="62.82789" lon="-150.53533"><ele>3697.2</ele><time>2026-08-08T00:05:15Z</time></trkpt>
  <trkpt lat="62.82829" lon="-150.53621"><ele>3695.7</ele><time>2026-08-08T00:05:16Z</time></trkpt>
  <trkpt lat="62.82866" lon="-150.53710"><ele>3693.3</ele><time>2026-08-08T00:05:17Z</time></trkpt>
  <trkpt lat="62.82901" lon="-150.53801"><ele>3690.2</ele><time>2026-08-08T00:05:18Z</time></trkpt>
  <trkpt lat="62.82934" lon="-150.53896"><ele>3686.3</ele><time>2026-08-08T00:05:19Z</time></trkpt>
  <trkpt lat="62.82965" lon="-150.53996"><ele>3682.0</ele><time>2026-08-08T00:05:20Z</time></trkpt>
  <trkpt lat="62.82995" lon="-150.54103"><ele>3678.3</ele><time>2026-08-08T00:05:21Z</time></trkpt>
  <trkpt lat="62.83023" lon="-150.54214"><ele>3675.6</ele><time>2026-08-08T00:05:22Z</time></trkpt>
  <trkpt lat="62.83048" lon="-150.54325"><ele>3673.8</ele><time>2026-08-08T00:05:23Z</time></trkpt>
  <trkpt lat="62.83071" lon="-150.54437"><ele>3672.5</ele><time>2026-08-08T00:05:24Z</time></trkpt>
  <trkpt lat="62.83092" lon="-150.54551"><ele>3671.3</ele><time>2026-08-08T00:05:25Z</time></trkpt>
  <trkpt lat="62.83110" lon="-150.54670"><ele>3669.5</ele><time>2026-08-08T00:05:26Z</time></trkpt>
  <trkpt lat="62.83126" lon="-150.54792"><ele>3667.0</ele><time>2026-08-08T00:05:27Z</time></trkpt>
  <trkpt lat="62.83139" lon="-150.54913"><ele>3664.3</ele><time>2026-08-08T00:05:28Z</time></trkpt>
  <trkpt lat="62.83148" lon="-150.55032"><ele>3661.9</ele><time>2026-08-08T00:05:29Z</time></trkpt>
  <trkpt lat="62.83156" lon="-150.55150"><ele>3660.0</ele><time>2026-08-08T00:05:30Z</time></trkpt>
  <trkpt lat="62.83162" lon="-150.55268"><ele>3658.5</ele><time>2026-08-08T00:05:31Z</time></trkpt>
  <trkpt lat="62.83167" lon="-150.55389"><ele>3657.6</ele><time>2026-08-08T00:05:32Z</time></trkpt>
  <trkpt lat="62.83170" lon="-150.55511"><ele>3656.4</ele><time>2026-08-08T00:05:33Z</time></trkpt>
  <trkpt lat="62.83172" lon="-150.55634"><ele>3654.9</ele><time>2026-08-08T00:05:34Z</time></trkpt>
  <trkpt lat="62.83171" lon="-150.55759"><ele>3653.0</ele><time>2026-08-08T00:05:35Z</time></trkpt>
  <trkpt lat="62.83168" lon="-150.55884"><ele>3650.6</ele><time>2026-08-08T00:05:36Z</time></trkpt>
  <trkpt lat="62.83162" lon="-150.56008"><ele>3648.2</ele><time>2026-08-08T00:05:37Z</time></trkpt>
  <trkpt lat="62.83155" lon="-150.56131"><ele>3646.0</ele><time>2026-08-08T00:05:38Z</time></trkpt>
  <trkpt lat="62.83147" lon="-150.56253"><ele>3644.2</ele><time>2026-08-08T00:05:39Z</time></trkpt>
  <trkpt lat="62.83136" lon="-150.56374"><ele>3643.0</ele><time>2026-08-08T00:05:40Z</time></trkpt>
  <trkpt lat="62.83124" lon="-150.56494"><ele>3642.4</ele><time>2026-08-08T00:05:41Z</time></trkpt>
  <trkpt lat="62.83111" lon="-150.56614"><ele>3642.4</ele><time>2026-08-08T00:05:42Z</time></trkpt>
  <trkpt lat="62.83095" lon="-150.56733"><ele>3642.4</ele><time>2026-08-08T00:05:43Z</time></trkpt>
  <trkpt lat="62.83077" lon="-150.56851"><ele>3642.4</ele><time>2026-08-08T00:05:44Z</time></trkpt>
  <trkpt lat="62.83058" lon="-150.56968"><ele>3642.4</ele><time>2026-08-08T00:05:45Z</time></trkpt>
  <trkpt lat="62.83037" lon="-150.57080"><ele>3642.4</ele><time>2026-08-08T00:05:46Z</time></trkpt>
  <trkpt lat="62.83015" lon="-150.57190"><ele>3642.1</ele><time>2026-08-08T00:05:47Z</time></trkpt>
  <trkpt lat="62.82992" lon="-150.57297"><ele>3641.4</ele><time>2026-08-08T00:05:48Z</time></trkpt>
  <trkpt lat="62.82967" lon="-150.57403"><ele>3640.2</ele><time>2026-08-08T00:05:49Z</time></trkpt>
  <trkpt lat="62.82941" lon="-150.57509"><ele>3638.7</ele><time>2026-08-08T00:05:50Z</time></trkpt>
  <trkpt lat="62.82912" lon="-150.57614"><ele>3637.2</ele><time>2026-08-08T00:05:51Z</time></trkpt>
  <trkpt lat="62.82882" lon="-150.57718"><ele>3635.7</ele><time>2026-08-08T00:05:52Z</time></trkpt>
  <trkpt lat="62.82849" lon="-150.57819"><ele>3635.0</ele><time>2026-08-08T00:05:53Z</time></trkpt>
  <trkpt lat="62.82815" lon="-150.57919"><ele>3634.7</ele><time>2026-08-08T00:05:54Z</time></trkpt>
  <trkpt lat="62.82779" lon="-150.58016"><ele>3634.7</ele><time>2026-08-08T00:05:55Z</time></trkpt>
  <trkpt lat="62.82743" lon="-150.58112"><ele>3634.7</ele><time>2026-08-08T00:05:56Z</time></trkpt>
  <trkpt lat="62.82706" lon="-150.58205"><ele>3634.7</ele><time>2026-08-08T00:05:57Z</time></trkpt>
  <trkpt lat="62.82668" lon="-150.58295"><ele>3634.7</ele><time>2026-08-08T00:05:58Z</time></trkpt>
  <trkpt lat="62.82630" lon="-150.58381"><ele>3634.7</ele><time>2026-08-08T00:05:59Z</time></trkpt>
  <trkpt lat="62.82590" lon="-150.58465"><ele>3634.7</ele><time>2026-08-08T00:06:00Z</time></trkpt>
  <trkpt lat="62.82549" lon="-150.58545"><ele>3634.7</ele><time>2026-08-08T00:06:01Z</time></trkpt>
  <trkpt lat="62.82507" lon="-150.58624"><ele>3634.7</ele><time>2026-08-08T00:06:02Z</time></trkpt>
  <trkpt lat="62.82464" lon="-150.58702"><ele>3634.7</ele><time>2026-08-08T00:06:03Z</time></trkpt>
  <trkpt lat="62.82420" lon="-150.58778"><ele>3634.1</ele><time>2026-08-08T00:06:04Z</time></trkpt>
  <trkpt lat="62.82375" lon="-150.58851"><ele>3633.2</ele><time>2026-08-08T00:06:05Z</time></trkpt>
  <trkpt lat="62.82329" lon="-150.58921"><ele>3631.7</ele><time>2026-08-08T00:06:06Z</time></trkpt>
  <trkpt lat="62.82283" lon="-150.58989"><ele>3630.2</ele><time>2026-08-08T00:06:07Z</time></trkpt>
  <trkpt lat="62.82236" lon="-150.59055"><ele>3628.6</ele><time>2026-08-08T00:06:08Z</time></trkpt>
  <trkpt lat="62.82189" lon="-150.59118"><ele>3627.7</ele><time>2026-08-08T00:06:09Z</time></trkpt>
  <trkpt lat="62.82141" lon="-150.59180"><ele>3627.1</ele><time>2026-08-08T00:06:10Z</time></trkpt>
  <trkpt lat="62.82092" lon="-150.59241"><ele>3626.8</ele><time>2026-08-08T00:06:11Z</time></trkpt>
  <trkpt lat="62.82043" lon="-150.59302"><ele>3627.1</ele><time>2026-08-08T00:06:12Z</time></trkpt>
  <trkpt lat="62.81992" lon="-150.59364"><ele>3627.1</ele><time>2026-08-08T00:06:13Z</time></trkpt>
  <trkpt lat="62.81942" lon="-150.59426"><ele>3627.1</ele><time>2026-08-08T00:06:14Z</time></trkpt>
  <trkpt lat="62.81891" lon="-150.59489"><ele>3627.1</ele><time>2026-08-08T00:06:15Z</time></trkpt>
  <trkpt lat="62.81842" lon="-150.59552"><ele>3627.1</ele><time>2026-08-08T00:06:16Z</time></trkpt>
  <trkpt lat="62.81795" lon="-150.59617"><ele>3627.1</ele><time>2026-08-08T00:06:17Z</time></trkpt>
  <trkpt lat="62.81750" lon="-150.59688"><ele>3627.1</ele><time>2026-08-08T00:06:18Z</time></trkpt>
  <trkpt lat="62.81709" lon="-150.59763"><ele>3627.1</ele><time>2026-08-08T00:06:19Z</time></trkpt>
  <trkpt lat="62.81671" lon="-150.59841"><ele>3627.1</ele><time>2026-08-08T00:06:20Z</time></trkpt>
  <trkpt lat="62.81635" lon="-150.59925"><ele>3626.8</ele><time>2026-08-08T00:06:21Z</time></trkpt>
  <trkpt lat="62.81602" lon="-150.60016"><ele>3626.2</ele><time>2026-08-08T00:06:22Z</time></trkpt>
  <trkpt lat="62.81572" lon="-150.60115"><ele>3624.7</ele><time>2026-08-08T00:06:23Z</time></trkpt>
  <trkpt lat="62.81546" lon="-150.60221"><ele>3622.2</ele><time>2026-08-08T00:06:24Z</time></trkpt>
  <trkpt lat="62.81524" lon="-150.60331"><ele>3619.2</ele><time>2026-08-08T00:06:25Z</time></trkpt>
  <trkpt lat="62.81506" lon="-150.60445"><ele>3616.1</ele><time>2026-08-08T00:06:26Z</time></trkpt>
  <trkpt lat="62.81493" lon="-150.60563"><ele>3613.4</ele><time>2026-08-08T00:06:27Z</time></trkpt>
  <trkpt lat="62.81484" lon="-150.60683"><ele>3611.3</ele><time>2026-08-08T00:06:28Z</time></trkpt>
  <trkpt lat="62.81479" lon="-150.60806"><ele>3608.8</ele><time>2026-08-08T00:06:29Z</time></trkpt>
  <trkpt lat="62.81478" lon="-150.60928"><ele>3606.1</ele><time>2026-08-08T00:06:30Z</time></trkpt>
  <trkpt lat="62.81480" lon="-150.61051"><ele>3603.3</ele><time>2026-08-08T00:06:31Z</time></trkpt>
  <trkpt lat="62.81488" lon="-150.61174"><ele>3600.3</ele><time>2026-08-08T00:06:32Z</time></trkpt>
  <trkpt lat="62.81499" lon="-150.61295"><ele>3597.9</ele><time>2026-08-08T00:06:33Z</time></trkpt>
  <trkpt lat="62.81514" lon="-150.61414"><ele>3595.7</ele><time>2026-08-08T00:06:34Z</time></trkpt>
  <trkpt lat="62.81532" lon="-150.61532"><ele>3593.9</ele><time>2026-08-08T00:06:35Z</time></trkpt>
  <trkpt lat="62.81553" lon="-150.61649"><ele>3592.1</ele><time>2026-08-08T00:06:36Z</time></trkpt>
  <trkpt lat="62.81578" lon="-150.61762"><ele>3590.5</ele><time>2026-08-08T00:06:37Z</time></trkpt>
  <trkpt lat="62.81607" lon="-150.61871"><ele>3589.6</ele><time>2026-08-08T00:06:38Z</time></trkpt>
  <trkpt lat="62.81640" lon="-150.61976"><ele>3589.0</ele><time>2026-08-08T00:06:39Z</time></trkpt>
  <trkpt lat="62.81676" lon="-150.62077"><ele>3589.0</ele><time>2026-08-08T00:06:40Z</time></trkpt>
  <trkpt lat="62.81716" lon="-150.62172"><ele>3589.0</ele><time>2026-08-08T00:06:41Z</time></trkpt>
  <trkpt lat="62.81759" lon="-150.62260"><ele>3589.0</ele><time>2026-08-08T00:06:42Z</time></trkpt>
  <trkpt lat="62.81806" lon="-150.62342"><ele>3589.0</ele><time>2026-08-08T00:06:43Z</time></trkpt>
  <trkpt lat="62.81855" lon="-150.62418"><ele>3589.0</ele><time>2026-08-08T00:06:44Z</time></trkpt>
  <trkpt lat="62.81906" lon="-150.62489"><ele>3589.0</ele><time>2026-08-08T00:06:45Z</time></trkpt>
  <trkpt lat="62.81959" lon="-150.62554"><ele>3589.0</ele><time>2026-08-08T00:06:46Z</time></trkpt>
  <trkpt lat="62.82014" lon="-150.62612"><ele>3589.0</ele><time>2026-08-08T00:06:47Z</time></trkpt>
  <trkpt lat="62.82071" lon="-150.62663"><ele>3589.6</ele><time>2026-08-08T00:06:48Z</time></trkpt>
  <trkpt lat="62.82130" lon="-150.62705"><ele>3590.5</ele><time>2026-08-08T00:06:49Z</time></trkpt>
  <trkpt lat="62.82189" lon="-150.62738"><ele>3591.8</ele><time>2026-08-08T00:06:50Z</time></trkpt>
  <trkpt lat="62.82249" lon="-150.62765"><ele>3593.6</ele><time>2026-08-08T00:06:51Z</time></trkpt>
  <trkpt lat="62.82308" lon="-150.62787"><ele>3595.1</ele><time>2026-08-08T00:06:52Z</time></trkpt>
  <trkpt lat="62.82366" lon="-150.62802"><ele>3596.0</ele><time>2026-08-08T00:06:53Z</time></trkpt>
  <trkpt lat="62.82425" lon="-150.62805"><ele>3596.6</ele><time>2026-08-08T00:06:54Z</time></trkpt>
  <trkpt lat="62.82487" lon="-150.62792"><ele>3596.6</ele><time>2026-08-08T00:06:55Z</time></trkpt>
  <trkpt lat="62.82551" lon="-150.62764"><ele>3596.3</ele><time>2026-08-08T00:06:56Z</time></trkpt>
  <trkpt lat="62.82612" lon="-150.62728"><ele>3595.7</ele><time>2026-08-08T00:06:57Z</time></trkpt>
  <trkpt lat="62.82675" lon="-150.62687"><ele>3595.1</ele><time>2026-08-08T00:06:58Z</time></trkpt>
  <trkpt lat="62.82740" lon="-150.62641"><ele>3594.2</ele><time>2026-08-08T00:06:59Z</time></trkpt>
  <trkpt lat="62.82808" lon="-150.62591"><ele>3593.6</ele><time>2026-08-08T00:07:00Z</time></trkpt>
  <trkpt lat="62.82877" lon="-150.62539"><ele>3592.7</ele><time>2026-08-08T00:07:01Z</time></trkpt>
  <trkpt lat="62.82944" lon="-150.62486"><ele>3591.8</ele><time>2026-08-08T00:07:02Z</time></trkpt>
  <trkpt lat="62.83009" lon="-150.62432"><ele>3590.8</ele><time>2026-08-08T00:07:03Z</time></trkpt>
  <trkpt lat="62.83070" lon="-150.62376"><ele>3589.9</ele><time>2026-08-08T00:07:04Z</time></trkpt>
  <trkpt lat="62.83131" lon="-150.62312"><ele>3588.7</ele><time>2026-08-08T00:07:05Z</time></trkpt>
  <trkpt lat="62.83193" lon="-150.62237"><ele>3587.5</ele><time>2026-08-08T00:07:06Z</time></trkpt>
  <trkpt lat="62.83252" lon="-150.62151"><ele>3586.0</ele><time>2026-08-08T00:07:07Z</time></trkpt>
  <trkpt lat="62.83305" lon="-150.62060"><ele>3584.4</ele><time>2026-08-08T00:07:08Z</time></trkpt>
  <trkpt lat="62.83353" lon="-150.61967"><ele>3583.2</ele><time>2026-08-08T00:07:09Z</time></trkpt>
  <trkpt lat="62.83400" lon="-150.61872"><ele>3582.3</ele><time>2026-08-08T00:07:10Z</time></trkpt>
  <trkpt lat="62.83449" lon="-150.61773"><ele>3581.7</ele><time>2026-08-08T00:07:11Z</time></trkpt>
  <trkpt lat="62.83498" lon="-150.61671"><ele>3581.4</ele><time>2026-08-08T00:07:12Z</time></trkpt>
  <trkpt lat="62.83546" lon="-150.61568"><ele>3580.8</ele><time>2026-08-08T00:07:13Z</time></trkpt>
  <trkpt lat="62.83592" lon="-150.61462"><ele>3579.9</ele><time>2026-08-08T00:07:14Z</time></trkpt>
  <trkpt lat="62.83638" lon="-150.61354"><ele>3578.4</ele><time>2026-08-08T00:07:15Z</time></trkpt>
  <trkpt lat="62.83684" lon="-150.61241"><ele>3576.8</ele><time>2026-08-08T00:07:16Z</time></trkpt>
  <trkpt lat="62.83728" lon="-150.61126"><ele>3575.3</ele><time>2026-08-08T00:07:17Z</time></trkpt>
  <trkpt lat="62.83772" lon="-150.61008"><ele>3574.1</ele><time>2026-08-08T00:07:18Z</time></trkpt>
  <trkpt lat="62.83815" lon="-150.60888"><ele>3573.5</ele><time>2026-08-08T00:07:19Z</time></trkpt>
  <trkpt lat="62.83857" lon="-150.60766"><ele>3573.5</ele><time>2026-08-08T00:07:20Z</time></trkpt>
  <trkpt lat="62.83899" lon="-150.60642"><ele>3574.1</ele><time>2026-08-08T00:07:21Z</time></trkpt>
  <trkpt lat="62.83938" lon="-150.60518"><ele>3575.0</ele><time>2026-08-08T00:07:22Z</time></trkpt>
  <trkpt lat="62.83976" lon="-150.60395"><ele>3576.2</ele><time>2026-08-08T00:07:23Z</time></trkpt>
  <trkpt lat="62.84014" lon="-150.60270"><ele>3577.7</ele><time>2026-08-08T00:07:24Z</time></trkpt>
  <trkpt lat="62.84050" lon="-150.60143"><ele>3579.6</ele><time>2026-08-08T00:07:25Z</time></trkpt>
  <trkpt lat="62.84086" lon="-150.60015"><ele>3582.0</ele><time>2026-08-08T00:07:26Z</time></trkpt>
  <trkpt lat="62.84121" lon="-150.59886"><ele>3584.4</ele><time>2026-08-08T00:07:27Z</time></trkpt>
  <trkpt lat="62.84156" lon="-150.59755"><ele>3587.2</ele><time>2026-08-08T00:07:28Z</time></trkpt>
  <trkpt lat="62.84189" lon="-150.59625"><ele>3589.9</ele><time>2026-08-08T00:07:29Z</time></trkpt>
  <trkpt lat="62.84222" lon="-150.59495"><ele>3593.0</ele><time>2026-08-08T00:07:30Z</time></trkpt>
  <trkpt lat="62.84254" lon="-150.59366"><ele>3595.7</ele><time>2026-08-08T00:07:31Z</time></trkpt>
  <trkpt lat="62.84286" lon="-150.59236"><ele>3598.2</ele><time>2026-08-08T00:07:32Z</time></trkpt>
  <trkpt lat="62.84316" lon="-150.59107"><ele>3600.6</ele><time>2026-08-08T00:07:33Z</time></trkpt>
  <trkpt lat="62.84345" lon="-150.58980"><ele>3602.7</ele><time>2026-08-08T00:07:34Z</time></trkpt>
  <trkpt lat="62.84373" lon="-150.58856"><ele>3604.9</ele><time>2026-08-08T00:07:35Z</time></trkpt>
  <trkpt lat="62.84400" lon="-150.58732"><ele>3607.0</ele><time>2026-08-08T00:07:36Z</time></trkpt>
  <trkpt lat="62.84426" lon="-150.58606"><ele>3608.8</ele><time>2026-08-08T00:07:37Z</time></trkpt>
  <trkpt lat="62.84452" lon="-150.58477"><ele>3610.4</ele><time>2026-08-08T00:07:38Z</time></trkpt>
  <trkpt lat="62.84476" lon="-150.58351"><ele>3611.6</ele><time>2026-08-08T00:07:39Z</time></trkpt>
  <trkpt lat="62.84498" lon="-150.58226"><ele>3612.2</ele><time>2026-08-08T00:07:40Z</time></trkpt>
  <trkpt lat="62.84520" lon="-150.58100"><ele>3612.5</ele><time>2026-08-08T00:07:41Z</time></trkpt>
  <trkpt lat="62.84543" lon="-150.57965"><ele>3612.5</ele><time>2026-08-08T00:07:42Z</time></trkpt>
  <trkpt lat="62.84565" lon="-150.57823"><ele>3612.2</ele><time>2026-08-08T00:07:43Z</time></trkpt>
  <trkpt lat="62.84588" lon="-150.57679"><ele>3611.9</ele><time>2026-08-08T00:07:44Z</time></trkpt>
  <trkpt lat="62.84608" lon="-150.57536"><ele>3611.3</ele><time>2026-08-08T00:07:45Z</time></trkpt>
  <trkpt lat="62.84628" lon="-150.57394"><ele>3610.4</ele><time>2026-08-08T00:07:46Z</time></trkpt>
  <trkpt lat="62.84647" lon="-150.57248"><ele>3609.7</ele><time>2026-08-08T00:07:47Z</time></trkpt>
  <trkpt lat="62.84667" lon="-150.57098"><ele>3608.8</ele><time>2026-08-08T00:07:48Z</time></trkpt>
  <trkpt lat="62.84687" lon="-150.56946"><ele>3607.6</ele><time>2026-08-08T00:07:49Z</time></trkpt>
  <trkpt lat="62.84707" lon="-150.56797"><ele>3606.7</ele><time>2026-08-08T00:07:50Z</time></trkpt>
  <trkpt lat="62.84727" lon="-150.56655"><ele>3605.8</ele><time>2026-08-08T00:07:51Z</time></trkpt>
  <trkpt lat="62.84747" lon="-150.56518"><ele>3605.2</ele><time>2026-08-08T00:07:52Z</time></trkpt>
  <trkpt lat="62.84771" lon="-150.56381"><ele>3604.6</ele><time>2026-08-08T00:07:53Z</time></trkpt>
  <trkpt lat="62.84797" lon="-150.56244"><ele>3604.3</ele><time>2026-08-08T00:07:54Z</time></trkpt>
  <trkpt lat="62.84827" lon="-150.56113"><ele>3604.3</ele><time>2026-08-08T00:07:55Z</time></trkpt>
  <trkpt lat="62.84860" lon="-150.55993"><ele>3604.3</ele><time>2026-08-08T00:07:56Z</time></trkpt>
  <trkpt lat="62.84897" lon="-150.55881"><ele>3604.0</ele><time>2026-08-08T00:07:57Z</time></trkpt>
  <trkpt lat="62.84938" lon="-150.55773"><ele>3603.3</ele><time>2026-08-08T00:07:58Z</time></trkpt>
  <trkpt lat="62.84983" lon="-150.55667"><ele>3602.4</ele><time>2026-08-08T00:07:59Z</time></trkpt>
  <trkpt lat="62.85032" lon="-150.55563"><ele>3601.2</ele><time>2026-08-08T00:08:00Z</time></trkpt>
  <trkpt lat="62.85084" lon="-150.55463"><ele>3600.0</ele><time>2026-08-08T00:08:01Z</time></trkpt>
  <trkpt lat="62.85139" lon="-150.55370"><ele>3598.8</ele><time>2026-08-08T00:08:02Z</time></trkpt>
  <trkpt lat="62.85196" lon="-150.55287"><ele>3597.6</ele><time>2026-08-08T00:08:03Z</time></trkpt>
  <trkpt lat="62.85255" lon="-150.55215"><ele>3596.9</ele><time>2026-08-08T00:08:04Z</time></trkpt>
  <trkpt lat="62.85316" lon="-150.55155"><ele>3596.6</ele><time>2026-08-08T00:08:05Z</time></trkpt>
  <trkpt lat="62.85378" lon="-150.55105"><ele>3596.3</ele><time>2026-08-08T00:08:06Z</time></trkpt>
  <trkpt lat="62.85442" lon="-150.55062"><ele>3596.3</ele><time>2026-08-08T00:08:07Z</time></trkpt>
  <trkpt lat="62.85504" lon="-150.55026"><ele>3596.3</ele><time>2026-08-08T00:08:08Z</time></trkpt>
  <trkpt lat="62.85567" lon="-150.54997"><ele>3596.3</ele><time>2026-08-08T00:08:09Z</time></trkpt>
  <trkpt lat="62.85632" lon="-150.54974"><ele>3596.3</ele><time>2026-08-08T00:08:10Z</time></trkpt>
  <trkpt lat="62.85698" lon="-150.54961"><ele>3596.6</ele><time>2026-08-08T00:08:11Z</time></trkpt>
  <trkpt lat="62.85763" lon="-150.54957"><ele>3596.9</ele><time>2026-08-08T00:08:12Z</time></trkpt>
  <trkpt lat="62.85826" lon="-150.54961"><ele>3597.9</ele><time>2026-08-08T00:08:13Z</time></trkpt>
  <trkpt lat="62.85887" lon="-150.54973"><ele>3599.1</ele><time>2026-08-08T00:08:14Z</time></trkpt>
  <trkpt lat="62.85946" lon="-150.54993"><ele>3600.9</ele><time>2026-08-08T00:08:15Z</time></trkpt>
  <trkpt lat="62.86005" lon="-150.55020"><ele>3602.4</ele><time>2026-08-08T00:08:16Z</time></trkpt>
  <trkpt lat="62.86064" lon="-150.55054"><ele>3604.0</ele><time>2026-08-08T00:08:17Z</time></trkpt>
  <trkpt lat="62.86123" lon="-150.55093"><ele>3605.2</ele><time>2026-08-08T00:08:18Z</time></trkpt>
  <trkpt lat="62.86181" lon="-150.55138"><ele>3606.4</ele><time>2026-08-08T00:08:19Z</time></trkpt>
  <trkpt lat="62.86238" lon="-150.55187"><ele>3608.2</ele><time>2026-08-08T00:08:20Z</time></trkpt>
  <trkpt lat="62.86293" lon="-150.55241"><ele>3609.7</ele><time>2026-08-08T00:08:21Z</time></trkpt>
  <trkpt lat="62.86345" lon="-150.55297"><ele>3611.0</ele><time>2026-08-08T00:08:22Z</time></trkpt>
  <trkpt lat="62.86397" lon="-150.55357"><ele>3611.6</ele><time>2026-08-08T00:08:23Z</time></trkpt>
  <trkpt lat="62.86448" lon="-150.55423"><ele>3611.9</ele><time>2026-08-08T00:08:24Z</time></trkpt>
  <trkpt lat="62.86499" lon="-150.55494"><ele>3612.5</ele><time>2026-08-08T00:08:25Z</time></trkpt>
  <trkpt lat="62.86548" lon="-150.55566"><ele>3613.1</ele><time>2026-08-08T00:08:26Z</time></trkpt>
  <trkpt lat="62.86596" lon="-150.55641"><ele>3614.0</ele><time>2026-08-08T00:08:27Z</time></trkpt>
  <trkpt lat="62.86644" lon="-150.55719"><ele>3614.9</ele><time>2026-08-08T00:08:28Z</time></trkpt>
  <trkpt lat="62.86693" lon="-150.55799"><ele>3616.1</ele><time>2026-08-08T00:08:29Z</time></trkpt>
  <trkpt lat="62.86741" lon="-150.55880"><ele>3617.7</ele><time>2026-08-08T00:08:30Z</time></trkpt>
  <trkpt lat="62.86786" lon="-150.55959"><ele>3619.5</ele><time>2026-08-08T00:08:31Z</time></trkpt>
  <trkpt lat="62.86827" lon="-150.56035"><ele>3621.3</ele><time>2026-08-08T00:08:32Z</time></trkpt>
  <trkpt lat="62.86865" lon="-150.56107"><ele>3623.8</ele><time>2026-08-08T00:08:33Z</time></trkpt>
  <trkpt lat="62.86902" lon="-150.56181"><ele>3626.2</ele><time>2026-08-08T00:08:34Z</time></trkpt>
  <trkpt lat="62.86942" lon="-150.56264"><ele>3628.9</ele><time>2026-08-08T00:08:35Z</time></trkpt>
  <trkpt lat="62.86986" lon="-150.56354"><ele>3631.7</ele><time>2026-08-08T00:08:36Z</time></trkpt>
  <trkpt lat="62.87031" lon="-150.56445"><ele>3634.4</ele><time>2026-08-08T00:08:37Z</time></trkpt>
  <trkpt lat="62.87072" lon="-150.56530"><ele>3636.9</ele><time>2026-08-08T00:08:38Z</time></trkpt>
  <trkpt lat="62.87111" lon="-150.56610"><ele>3639.3</ele><time>2026-08-08T00:08:39Z</time></trkpt>
  <trkpt lat="62.87152" lon="-150.56693"><ele>3641.4</ele><time>2026-08-08T00:08:40Z</time></trkpt>
  <trkpt lat="62.87194" lon="-150.56780"><ele>3643.9</ele><time>2026-08-08T00:08:41Z</time></trkpt>
  <trkpt lat="62.87239" lon="-150.56871"><ele>3646.3</ele><time>2026-08-08T00:08:42Z</time></trkpt>
  <trkpt lat="62.87284" lon="-150.56965"><ele>3648.8</ele><time>2026-08-08T00:08:43Z</time></trkpt>
  <trkpt lat="62.87331" lon="-150.57059"><ele>3651.2</ele><time>2026-08-08T00:08:44Z</time></trkpt>
  <trkpt lat="62.87377" lon="-150.57154"><ele>3653.6</ele><time>2026-08-08T00:08:45Z</time></trkpt>
  <trkpt lat="62.87422" lon="-150.57246"><ele>3656.1</ele><time>2026-08-08T00:08:46Z</time></trkpt>
  <trkpt lat="62.87466" lon="-150.57335"><ele>3658.5</ele><time>2026-08-08T00:08:47Z</time></trkpt>
  <trkpt lat="62.87507" lon="-150.57420"><ele>3660.6</ele><time>2026-08-08T00:08:48Z</time></trkpt>
  <trkpt lat="62.87548" lon="-150.57501"><ele>3663.1</ele><time>2026-08-08T00:08:49Z</time></trkpt>
  <trkpt lat="62.87588" lon="-150.57583"><ele>3665.2</ele><time>2026-08-08T00:08:50Z</time></trkpt>
  <trkpt lat="62.87630" lon="-150.57666"><ele>3667.7</ele><time>2026-08-08T00:08:51Z</time></trkpt>
  <trkpt lat="62.87670" lon="-150.57746"><ele>3669.8</ele><time>2026-08-08T00:08:52Z</time></trkpt>
  <trkpt lat="62.87707" lon="-150.57819"><ele>3671.9</ele><time>2026-08-08T00:08:53Z</time></trkpt>
  <trkpt lat="62.87742" lon="-150.57888"><ele>3674.1</ele><time>2026-08-08T00:08:54Z</time></trkpt>
  <trkpt lat="62.87778" lon="-150.57957"><ele>3675.9</ele><time>2026-08-08T00:08:55Z</time></trkpt>
  <trkpt lat="62.87818" lon="-150.58033"><ele>3677.7</ele><time>2026-08-08T00:08:56Z</time></trkpt>
  <trkpt lat="62.87862" lon="-150.58115"><ele>3678.9</ele><time>2026-08-08T00:08:57Z</time></trkpt>
  <trkpt lat="62.87907" lon="-150.58196"><ele>3680.2</ele><time>2026-08-08T00:08:58Z</time></trkpt>
  <trkpt lat="62.87948" lon="-150.58272"><ele>3681.4</ele><time>2026-08-08T00:08:59Z</time></trkpt>
  <trkpt lat="62.87988" lon="-150.58345"><ele>3682.3</ele><time>2026-08-08T00:09:00Z</time></trkpt>
  <trkpt lat="62.88028" lon="-150.58418"><ele>3682.9</ele><time>2026-08-08T00:09:01Z</time></trkpt>
  <trkpt lat="62.88069" lon="-150.58494"><ele>3683.5</ele><time>2026-08-08T00:09:02Z</time></trkpt>
  <trkpt lat="62.88113" lon="-150.58573"><ele>3684.4</ele><time>2026-08-08T00:09:03Z</time></trkpt>
  <trkpt lat="62.88158" lon="-150.58655"><ele>3685.0</ele><time>2026-08-08T00:09:04Z</time></trkpt>
  <trkpt lat="62.88204" lon="-150.58738"><ele>3685.6</ele><time>2026-08-08T00:09:05Z</time></trkpt>
  <trkpt lat="62.88251" lon="-150.58824"><ele>3685.9</ele><time>2026-08-08T00:09:06Z</time></trkpt>
  <trkpt lat="62.88300" lon="-150.58911"><ele>3686.6</ele><time>2026-08-08T00:09:07Z</time></trkpt>
  <trkpt lat="62.88349" lon="-150.58998"><ele>3686.9</ele><time>2026-08-08T00:09:08Z</time></trkpt>
  <trkpt lat="62.88398" lon="-150.59087"><ele>3687.5</ele><time>2026-08-08T00:09:09Z</time></trkpt>
  <trkpt lat="62.88447" lon="-150.59175"><ele>3687.5</ele><time>2026-08-08T00:09:10Z</time></trkpt>
  <trkpt lat="62.88497" lon="-150.59262"><ele>3687.8</ele><time>2026-08-08T00:09:11Z</time></trkpt>
  <trkpt lat="62.88545" lon="-150.59348"><ele>3687.8</ele><time>2026-08-08T00:09:12Z</time></trkpt>
  <trkpt lat="62.88593" lon="-150.59432"><ele>3687.8</ele><time>2026-08-08T00:09:13Z</time></trkpt>
  <trkpt lat="62.88639" lon="-150.59513"><ele>3687.8</ele><time>2026-08-08T00:09:14Z</time></trkpt>
  <trkpt lat="62.88685" lon="-150.59593"><ele>3687.5</ele><time>2026-08-08T00:09:15Z</time></trkpt>
  <trkpt lat="62.88731" lon="-150.59673"><ele>3686.9</ele><time>2026-08-08T00:09:16Z</time></trkpt>
  <trkpt lat="62.88777" lon="-150.59753"><ele>3686.6</ele><time>2026-08-08T00:09:17Z</time></trkpt>
  <trkpt lat="62.88823" lon="-150.59833"><ele>3685.6</ele><time>2026-08-08T00:09:18Z</time></trkpt>
  <trkpt lat="62.88870" lon="-150.59914"><ele>3685.0</ele><time>2026-08-08T00:09:19Z</time></trkpt>
  <trkpt lat="62.88917" lon="-150.59995"><ele>3684.4</ele><time>2026-08-08T00:09:20Z</time></trkpt>
  <trkpt lat="62.88965" lon="-150.60077"><ele>3683.5</ele><time>2026-08-08T00:09:21Z</time></trkpt>
  <trkpt lat="62.89013" lon="-150.60160"><ele>3682.9</ele><time>2026-08-08T00:09:22Z</time></trkpt>
  <trkpt lat="62.89062" lon="-150.60245"><ele>3682.3</ele><time>2026-08-08T00:09:23Z</time></trkpt>
  <trkpt lat="62.89112" lon="-150.60330"><ele>3681.7</ele><time>2026-08-08T00:09:24Z</time></trkpt>
  <trkpt lat="62.89162" lon="-150.60417"><ele>3681.4</ele><time>2026-08-08T00:09:25Z</time></trkpt>
  <trkpt lat="62.89214" lon="-150.60505"><ele>3680.8</ele><time>2026-08-08T00:09:26Z</time></trkpt>
  <trkpt lat="62.89266" lon="-150.60594"><ele>3680.8</ele><time>2026-08-08T00:09:27Z</time></trkpt>
  <trkpt lat="62.89317" lon="-150.60683"><ele>3680.5</ele><time>2026-08-08T00:09:28Z</time></trkpt>
  <trkpt lat="62.89368" lon="-150.60771"><ele>3680.8</ele><time>2026-08-08T00:09:29Z</time></trkpt>
  <trkpt lat="62.89417" lon="-150.60856"><ele>3681.1</ele><time>2026-08-08T00:09:30Z</time></trkpt>
  <trkpt lat="62.89466" lon="-150.60940"><ele>3681.4</ele><time>2026-08-08T00:09:31Z</time></trkpt>
  <trkpt lat="62.89516" lon="-150.61026"><ele>3682.0</ele><time>2026-08-08T00:09:32Z</time></trkpt>
  <trkpt lat="62.89567" lon="-150.61115"><ele>3682.6</ele><time>2026-08-08T00:09:33Z</time></trkpt>
  <trkpt lat="62.89620" lon="-150.61206"><ele>3683.2</ele><time>2026-08-08T00:09:34Z</time></trkpt>
  <trkpt lat="62.89674" lon="-150.61299"><ele>3684.1</ele><time>2026-08-08T00:09:35Z</time></trkpt>
  <trkpt lat="62.89728" lon="-150.61393"><ele>3685.0</ele><time>2026-08-08T00:09:36Z</time></trkpt>
  <trkpt lat="62.89782" lon="-150.61487"><ele>3685.9</ele><time>2026-08-08T00:09:37Z</time></trkpt>
  <trkpt lat="62.89837" lon="-150.61581"><ele>3686.9</ele><time>2026-08-08T00:09:38Z</time></trkpt>
  <trkpt lat="62.89891" lon="-150.61675"><ele>3687.8</ele><time>2026-08-08T00:09:39Z</time></trkpt>
  <trkpt lat="62.89945" lon="-150.61768"><ele>3688.7</ele><time>2026-08-08T00:09:40Z</time></trkpt>
  <trkpt lat="62.89997" lon="-150.61859"><ele>3689.6</ele><time>2026-08-08T00:09:41Z</time></trkpt>
  <trkpt lat="62.90049" lon="-150.61948"><ele>3690.8</ele><time>2026-08-08T00:09:42Z</time></trkpt>
  <trkpt lat="62.90099" lon="-150.62034"><ele>3691.7</ele><time>2026-08-08T00:09:43Z</time></trkpt>
  <trkpt lat="62.90147" lon="-150.62117"><ele>3692.3</ele><time>2026-08-08T00:09:44Z</time></trkpt>
  <trkpt lat="62.90193" lon="-150.62197"><ele>3693.3</ele><time>2026-08-08T00:09:45Z</time></trkpt>
  <trkpt lat="62.90236" lon="-150.62272"><ele>3694.2</ele><time>2026-08-08T00:09:46Z</time></trkpt>
  <trkpt lat="62.90279" lon="-150.62345"><ele>3694.8</ele><time>2026-08-08T00:09:47Z</time></trkpt>
  <trkpt lat="62.90324" lon="-150.62424"><ele>3695.4</ele><time>2026-08-08T00:09:48Z</time></trkpt>
  <trkpt lat="62.90378" lon="-150.62517"><ele>3695.7</ele><time>2026-08-08T00:09:49Z</time></trkpt>
  <trkpt lat="62.90438" lon="-150.62621"><ele>3696.0</ele><time>2026-08-08T00:09:50Z</time></trkpt>
  <trkpt lat="62.90496" lon="-150.62722"><ele>3696.0</ele><time>2026-08-08T00:09:51Z</time></trkpt>
  <trkpt lat="62.90546" lon="-150.62808"><ele>3696.0</ele><time>2026-08-08T00:09:52Z</time></trkpt>
  <trkpt lat="62.90589" lon="-150.62880"><ele>3696.0</ele><time>2026-08-08T00:09:53Z</time></trkpt>
  <trkpt lat="62.90628" lon="-150.62946"><ele>3696.0</ele><time>2026-08-08T00:09:54Z</time></trkpt>
  <trkpt lat="62.90669" lon="-150.63014"><ele>3696.3</ele><time>2026-08-08T00:09:55Z</time></trkpt>
  <trkpt lat="62.90716" lon="-150.63089"><ele>3697.2</ele><time>2026-08-08T00:09:56Z</time></trkpt>
  <trkpt lat="62.90767" lon="-150.63167"><ele>3698.4</ele><time>2026-08-08T00:09:57Z</time></trkpt>
  <trkpt lat="62.90818" lon="-150.63243"><ele>3699.7</ele><time>2026-08-08T00:09:58Z</time></trkpt>
  <trkpt lat="62.90868" lon="-150.63316"><ele>3701.2</ele><time>2026-08-08T00:09:59Z</time></trkpt>
  <trkpt lat="62.90919" lon="-150.63386"><ele>3702.1</ele><time>2026-08-08T00:10:00Z</time></trkpt>
  <trkpt lat="62.90971" lon="-150.63456"><ele>3703.0</ele><time>2026-08-08T00:10:01Z</time></trkpt>
  <trkpt lat="62.91025" lon="-150.63525"><ele>3703.3</ele><time>2026-08-08T00:10:02Z</time></trkpt>
  <trkpt lat="62.91081" lon="-150.63592"><ele>3703.6</ele><time>2026-08-08T00:10:03Z</time></trkpt>
  <trkpt lat="62.91138" lon="-150.63658"><ele>3703.9</ele><time>2026-08-08T00:10:04Z</time></trkpt>
  <trkpt lat="62.91197" lon="-150.63723"><ele>3704.8</ele><time>2026-08-08T00:10:05Z</time></trkpt>
  <trkpt lat="62.91256" lon="-150.63786"><ele>3706.1</ele><time>2026-08-08T00:10:06Z</time></trkpt>
  <trkpt lat="62.91317" lon="-150.63850"><ele>3707.3</ele><time>2026-08-08T00:10:07Z</time></trkpt>
  <trkpt lat="62.91380" lon="-150.63913"><ele>3708.8</ele><time>2026-08-08T00:10:08Z</time></trkpt>
  <trkpt lat="62.91441" lon="-150.63975"><ele>3710.3</ele><time>2026-08-08T00:10:09Z</time></trkpt>
  <trkpt lat="62.91501" lon="-150.64033"><ele>3711.5</ele><time>2026-08-08T00:10:10Z</time></trkpt>
  <trkpt lat="62.91558" lon="-150.64087"><ele>3713.1</ele><time>2026-08-08T00:10:11Z</time></trkpt>
  <trkpt lat="62.91614" lon="-150.64141"><ele>3714.3</ele><time>2026-08-08T00:10:12Z</time></trkpt>
  <trkpt lat="62.91673" lon="-150.64195"><ele>3715.5</ele><time>2026-08-08T00:10:13Z</time></trkpt>
  <trkpt lat="62.91735" lon="-150.64250"><ele>3716.7</ele><time>2026-08-08T00:10:14Z</time></trkpt>
  <trkpt lat="62.91799" lon="-150.64307"><ele>3718.0</ele><time>2026-08-08T00:10:15Z</time></trkpt>
  <trkpt lat="62.91863" lon="-150.64361"><ele>3718.9</ele><time>2026-08-08T00:10:16Z</time></trkpt>
  <trkpt lat="62.91925" lon="-150.64414"><ele>3719.8</ele><time>2026-08-08T00:10:17Z</time></trkpt>
  <trkpt lat="62.91989" lon="-150.64468"><ele>3721.0</ele><time>2026-08-08T00:10:18Z</time></trkpt>
  <trkpt lat="62.92055" lon="-150.64522"><ele>3721.9</ele><time>2026-08-08T00:10:19Z</time></trkpt>
  <trkpt lat="62.92122" lon="-150.64578"><ele>3722.8</ele><time>2026-08-08T00:10:20Z</time></trkpt>
  <trkpt lat="62.92190" lon="-150.64633"><ele>3723.7</ele><time>2026-08-08T00:10:21Z</time></trkpt>
  <trkpt lat="62.92255" lon="-150.64686"><ele>3724.7</ele><time>2026-08-08T00:10:22Z</time></trkpt>
  <trkpt lat="62.92318" lon="-150.64737"><ele>3725.3</ele><time>2026-08-08T00:10:23Z</time></trkpt>
  <trkpt lat="62.92378" lon="-150.64785"><ele>3725.6</ele><time>2026-08-08T00:10:24Z</time></trkpt>
  <trkpt lat="62.92438" lon="-150.64832"><ele>3725.3</ele><time>2026-08-08T00:10:25Z</time></trkpt>
  <trkpt lat="62.92497" lon="-150.64878"><ele>3724.7</ele><time>2026-08-08T00:10:26Z</time></trkpt>
  <trkpt lat="62.92554" lon="-150.64921"><ele>3723.7</ele><time>2026-08-08T00:10:27Z</time></trkpt>
  <trkpt lat="62.92611" lon="-150.64963"><ele>3721.9</ele><time>2026-08-08T00:10:28Z</time></trkpt>
  <trkpt lat="62.92671" lon="-150.65007"><ele>3720.1</ele><time>2026-08-08T00:10:29Z</time></trkpt>
  <trkpt lat="62.92732" lon="-150.65051"><ele>3718.0</ele><time>2026-08-08T00:10:30Z</time></trkpt>
  <trkpt lat="62.92793" lon="-150.65095"><ele>3715.8</ele><time>2026-08-08T00:10:31Z</time></trkpt>
  <trkpt lat="62.92853" lon="-150.65139"><ele>3713.7</ele><time>2026-08-08T00:10:32Z</time></trkpt>
  <trkpt lat="62.92916" lon="-150.65185"><ele>3711.5</ele><time>2026-08-08T00:10:33Z</time></trkpt>
  <trkpt lat="62.92983" lon="-150.65233"><ele>3709.1</ele><time>2026-08-08T00:10:34Z</time></trkpt>
  <trkpt lat="62.93051" lon="-150.65283"><ele>3707.0</ele><time>2026-08-08T00:10:35Z</time></trkpt>
  <trkpt lat="62.93121" lon="-150.65334"><ele>3704.5</ele><time>2026-08-08T00:10:36Z</time></trkpt>
  <trkpt lat="62.93191" lon="-150.65384"><ele>3702.4</ele><time>2026-08-08T00:10:37Z</time></trkpt>
  <trkpt lat="62.93259" lon="-150.65433"><ele>3700.3</ele><time>2026-08-08T00:10:38Z</time></trkpt>
  <trkpt lat="62.93325" lon="-150.65480"><ele>3698.1</ele><time>2026-08-08T00:10:39Z</time></trkpt>
  <trkpt lat="62.93390" lon="-150.65526"><ele>3696.6</ele><time>2026-08-08T00:10:40Z</time></trkpt>
  <trkpt lat="62.93455" lon="-150.65571"><ele>3694.8</ele><time>2026-08-08T00:10:41Z</time></trkpt>
  <trkpt lat="62.93518" lon="-150.65614"><ele>3693.6</ele><time>2026-08-08T00:10:42Z</time></trkpt>
  <trkpt lat="62.93580" lon="-150.65656"><ele>3692.3</ele><time>2026-08-08T00:10:43Z</time></trkpt>
  <trkpt lat="62.93640" lon="-150.65696"><ele>3691.1</ele><time>2026-08-08T00:10:44Z</time></trkpt>
  <trkpt lat="62.93700" lon="-150.65736"><ele>3690.5</ele><time>2026-08-08T00:10:45Z</time></trkpt>
  <trkpt lat="62.93763" lon="-150.65777"><ele>3689.6</ele><time>2026-08-08T00:10:46Z</time></trkpt>
  <trkpt lat="62.93831" lon="-150.65820"><ele>3689.0</ele><time>2026-08-08T00:10:47Z</time></trkpt>
  <trkpt lat="62.93902" lon="-150.65865"><ele>3688.7</ele><time>2026-08-08T00:10:48Z</time></trkpt>
  <trkpt lat="62.93972" lon="-150.65909"><ele>3688.1</ele><time>2026-08-08T00:10:49Z</time></trkpt>
  <trkpt lat="62.94038" lon="-150.65950"><ele>3687.8</ele><time>2026-08-08T00:10:50Z</time></trkpt>
  <trkpt lat="62.94102" lon="-150.65988"><ele>3687.8</ele><time>2026-08-08T00:10:51Z</time></trkpt>
  <trkpt lat="62.94167" lon="-150.66028"><ele>3687.5</ele><time>2026-08-08T00:10:52Z</time></trkpt>
  <trkpt lat="62.94235" lon="-150.66069"><ele>3687.5</ele><time>2026-08-08T00:10:53Z</time></trkpt>
  <trkpt lat="62.94307" lon="-150.66111"><ele>3687.2</ele><time>2026-08-08T00:10:54Z</time></trkpt>
  <trkpt lat="62.94380" lon="-150.66154"><ele>3687.2</ele><time>2026-08-08T00:10:55Z</time></trkpt>
  <trkpt lat="62.94453" lon="-150.66198"><ele>3687.2</ele><time>2026-08-08T00:10:56Z</time></trkpt>
  <trkpt lat="62.94527" lon="-150.66242"><ele>3687.2</ele><time>2026-08-08T00:10:57Z</time></trkpt>
  <trkpt lat="62.94600" lon="-150.66285"><ele>3687.2</ele><time>2026-08-08T00:10:58Z</time></trkpt>
  <trkpt lat="62.94670" lon="-150.66327"><ele>3687.2</ele><time>2026-08-08T00:10:59Z</time></trkpt>
  <trkpt lat="62.94738" lon="-150.66367"><ele>3687.5</ele><time>2026-08-08T00:11:00Z</time></trkpt>
  <trkpt lat="62.94802" lon="-150.66405"><ele>3687.5</ele><time>2026-08-08T00:11:01Z</time></trkpt>
  <trkpt lat="62.94862" lon="-150.66442"><ele>3687.8</ele><time>2026-08-08T00:11:02Z</time></trkpt>
  <trkpt lat="62.94924" lon="-150.66480"><ele>3688.1</ele><time>2026-08-08T00:11:03Z</time></trkpt>
  <trkpt lat="62.94990" lon="-150.66522"><ele>3688.7</ele><time>2026-08-08T00:11:04Z</time></trkpt>
  <trkpt lat="62.95061" lon="-150.66568"><ele>3689.3</ele><time>2026-08-08T00:11:05Z</time></trkpt>
  <trkpt lat="62.95127" lon="-150.66613"><ele>3690.2</ele><time>2026-08-08T00:11:06Z</time></trkpt>
  <trkpt lat="62.95185" lon="-150.66654"><ele>3691.7</ele><time>2026-08-08T00:11:07Z</time></trkpt>
  <trkpt lat="62.95239" lon="-150.66693"><ele>3693.3</ele><time>2026-08-08T00:11:08Z</time></trkpt>
  <trkpt lat="62.95295" lon="-150.66734"><ele>3695.7</ele><time>2026-08-08T00:11:09Z</time></trkpt>
  <trkpt lat="62.95355" lon="-150.66778"><ele>3698.1</ele><time>2026-08-08T00:11:10Z</time></trkpt>
  <trkpt lat="62.95421" lon="-150.66826"><ele>3701.5</ele><time>2026-08-08T00:11:11Z</time></trkpt>
  <trkpt lat="62.95489" lon="-150.66875"><ele>3704.8</ele><time>2026-08-08T00:11:12Z</time></trkpt>
  <trkpt lat="62.95557" lon="-150.66925"><ele>3708.2</ele><time>2026-08-08T00:11:13Z</time></trkpt>
  <trkpt lat="62.95624" lon="-150.66974"><ele>3711.5</ele><time>2026-08-08T00:11:14Z</time></trkpt>
  <trkpt lat="62.95688" lon="-150.67019"><ele>3714.6</ele><time>2026-08-08T00:11:15Z</time></trkpt>
  <trkpt lat="62.95751" lon="-150.67062"><ele>3716.7</ele><time>2026-08-08T00:11:16Z</time></trkpt>
  <trkpt lat="62.95812" lon="-150.67102"><ele>3718.3</ele><time>2026-08-08T00:11:17Z</time></trkpt>
  <trkpt lat="62.95871" lon="-150.67136"><ele>3718.9</ele><time>2026-08-08T00:11:18Z</time></trkpt>
  <trkpt lat="62.95928" lon="-150.67164"><ele>3718.9</ele><time>2026-08-08T00:11:19Z</time></trkpt>
  <trkpt lat="62.95988" lon="-150.67185"><ele>3718.9</ele><time>2026-08-08T00:11:20Z</time></trkpt>
  <trkpt lat="62.96052" lon="-150.67202"><ele>3718.6</ele><time>2026-08-08T00:11:21Z</time></trkpt>
  <trkpt lat="62.96118" lon="-150.67215"><ele>3718.6</ele><time>2026-08-08T00:11:22Z</time></trkpt>
  <trkpt lat="62.96186" lon="-150.67223"><ele>3718.6</ele><time>2026-08-08T00:11:23Z</time></trkpt>
  <trkpt lat="62.96253" lon="-150.67224"><ele>3718.6</ele><time>2026-08-08T00:11:24Z</time></trkpt>
  <trkpt lat="62.96320" lon="-150.67219"><ele>3718.6</ele><time>2026-08-08T00:11:25Z</time></trkpt>
  <trkpt lat="62.96388" lon="-150.67206"><ele>3718.6</ele><time>2026-08-08T00:11:26Z</time></trkpt>
  <trkpt lat="62.96455" lon="-150.67187"><ele>3718.6</ele><time>2026-08-08T00:11:27Z</time></trkpt>
  <trkpt lat="62.96523" lon="-150.67162"><ele>3718.6</ele><time>2026-08-08T00:11:28Z</time></trkpt>
  <trkpt lat="62.96591" lon="-150.67130"><ele>3718.6</ele><time>2026-08-08T00:11:29Z</time></trkpt>
  <trkpt lat="62.96658" lon="-150.67093"><ele>3718.6</ele><time>2026-08-08T00:11:30Z</time></trkpt>
  <trkpt lat="62.96724" lon="-150.67050"><ele>3718.6</ele><time>2026-08-08T00:11:31Z</time></trkpt>
  <trkpt lat="62.96788" lon="-150.67004"><ele>3718.6</ele><time>2026-08-08T00:11:32Z</time></trkpt>
  <trkpt lat="62.96849" lon="-150.66956"><ele>3718.6</ele><time>2026-08-08T00:11:33Z</time></trkpt>
  <trkpt lat="62.96908" lon="-150.66904"><ele>3718.6</ele><time>2026-08-08T00:11:34Z</time></trkpt>
  <trkpt lat="62.96966" lon="-150.66847"><ele>3718.6</ele><time>2026-08-08T00:11:35Z</time></trkpt>
  <trkpt lat="62.97026" lon="-150.66784"><ele>3718.6</ele><time>2026-08-08T00:11:36Z</time></trkpt>
  <trkpt lat="62.97089" lon="-150.66717"><ele>3718.6</ele><time>2026-08-08T00:11:37Z</time></trkpt>
  <trkpt lat="62.97156" lon="-150.66651"><ele>3718.3</ele><time>2026-08-08T00:11:38Z</time></trkpt>
  <trkpt lat="62.97224" lon="-150.66587"><ele>3718.3</ele><time>2026-08-08T00:11:39Z</time></trkpt>
  <trkpt lat="62.97295" lon="-150.66526"><ele>3718.0</ele><time>2026-08-08T00:11:40Z</time></trkpt>
  <trkpt lat="62.97367" lon="-150.66466"><ele>3718.0</ele><time>2026-08-08T00:11:41Z</time></trkpt>
  <trkpt lat="62.97438" lon="-150.66410"><ele>3718.6</ele><time>2026-08-08T00:11:42Z</time></trkpt>
  <trkpt lat="62.97507" lon="-150.66362"><ele>3720.1</ele><time>2026-08-08T00:11:43Z</time></trkpt>
  <trkpt lat="62.97574" lon="-150.66325"><ele>3722.5</ele><time>2026-08-08T00:11:44Z</time></trkpt>
  <trkpt lat="62.97638" lon="-150.66301"><ele>3725.9</ele><time>2026-08-08T00:11:45Z</time></trkpt>
  <trkpt lat="62.97699" lon="-150.66290"><ele>3730.1</ele><time>2026-08-08T00:11:46Z</time></trkpt>
  <trkpt lat="62.97760" lon="-150.66289"><ele>3734.4</ele><time>2026-08-08T00:11:47Z</time></trkpt>
  <trkpt lat="62.97822" lon="-150.66297"><ele>3738.7</ele><time>2026-08-08T00:11:48Z</time></trkpt>
  <trkpt lat="62.97883" lon="-150.66314"><ele>3742.9</ele><time>2026-08-08T00:11:49Z</time></trkpt>
  <trkpt lat="62.97943" lon="-150.66340"><ele>3747.2</ele><time>2026-08-08T00:11:50Z</time></trkpt>
  <trkpt lat="62.98000" lon="-150.66376"><ele>3750.6</ele><time>2026-08-08T00:11:51Z</time></trkpt>
  <trkpt lat="62.98056" lon="-150.66422"><ele>3753.3</ele><time>2026-08-08T00:11:52Z</time></trkpt>
  <trkpt lat="62.98109" lon="-150.66475"><ele>3755.1</ele><time>2026-08-08T00:11:53Z</time></trkpt>
  <trkpt lat="62.98160" lon="-150.66538"><ele>3756.4</ele><time>2026-08-08T00:11:54Z</time></trkpt>
  <trkpt lat="62.98208" lon="-150.66612"><ele>3757.6</ele><time>2026-08-08T00:11:55Z</time></trkpt>
  <trkpt lat="62.98253" lon="-150.66695"><ele>3759.7</ele><time>2026-08-08T00:11:56Z</time></trkpt>
  <trkpt lat="62.98294" lon="-150.66786"><ele>3762.8</ele><time>2026-08-08T00:11:57Z</time></trkpt>
  <trkpt lat="62.98333" lon="-150.66883"><ele>3766.7</ele><time>2026-08-08T00:11:58Z</time></trkpt>
  <trkpt lat="62.98369" lon="-150.66983"><ele>3770.7</ele><time>2026-08-08T00:11:59Z</time></trkpt>
  <trkpt lat="62.98402" lon="-150.67085"><ele>3774.3</ele><time>2026-08-08T00:12:00Z</time></trkpt>
  <trkpt lat="62.98431" lon="-150.67188"><ele>3777.1</ele><time>2026-08-08T00:12:01Z</time></trkpt>
  <trkpt lat="62.98455" lon="-150.67292"><ele>3778.9</ele><time>2026-08-08T00:12:02Z</time></trkpt>
  <trkpt lat="62.98473" lon="-150.67397"><ele>3779.8</ele><time>2026-08-08T00:12:03Z</time></trkpt>
  <trkpt lat="62.98486" lon="-150.67504"><ele>3779.8</ele><time>2026-08-08T00:12:04Z</time></trkpt>
  <trkpt lat="62.98496" lon="-150.67616"><ele>3778.9</ele><time>2026-08-08T00:12:05Z</time></trkpt>
  <trkpt lat="62.98503" lon="-150.67737"><ele>3776.8</ele><time>2026-08-08T00:12:06Z</time></trkpt>
  <trkpt lat="62.98505" lon="-150.67858"><ele>3773.4</ele><time>2026-08-08T00:12:07Z</time></trkpt>
  <trkpt lat="62.98504" lon="-150.67972"><ele>3770.1</ele><time>2026-08-08T00:12:08Z</time></trkpt>
  <trkpt lat="62.98498" lon="-150.68083"><ele>3767.0</ele><time>2026-08-08T00:12:09Z</time></trkpt>
  <trkpt lat="62.98488" lon="-150.68195"><ele>3765.2</ele><time>2026-08-08T00:12:10Z</time></trkpt>
  <trkpt lat="62.98475" lon="-150.68310"><ele>3764.3</ele><time>2026-08-08T00:12:11Z</time></trkpt>
  <trkpt lat="62.98457" lon="-150.68426"><ele>3764.3</ele><time>2026-08-08T00:12:12Z</time></trkpt>
  <trkpt lat="62.98435" lon="-150.68542"><ele>3764.3</ele><time>2026-08-08T00:12:13Z</time></trkpt>
  <trkpt lat="62.98410" lon="-150.68657"><ele>3764.3</ele><time>2026-08-08T00:12:14Z</time></trkpt>
  <trkpt lat="62.98385" lon="-150.68767"><ele>3764.3</ele><time>2026-08-08T00:12:15Z</time></trkpt>
  <trkpt lat="62.98358" lon="-150.68869"><ele>3764.3</ele><time>2026-08-08T00:12:16Z</time></trkpt>
  <trkpt lat="62.98329" lon="-150.68964"><ele>3764.0</ele><time>2026-08-08T00:12:17Z</time></trkpt>
  <trkpt lat="62.98296" lon="-150.69054"><ele>3763.1</ele><time>2026-08-08T00:12:18Z</time></trkpt>
  <trkpt lat="62.98259" lon="-150.69143"><ele>3761.2</ele><time>2026-08-08T00:12:19Z</time></trkpt>
  <trkpt lat="62.98218" lon="-150.69232"><ele>3758.5</ele><time>2026-08-08T00:12:20Z</time></trkpt>
  <trkpt lat="62.98175" lon="-150.69322"><ele>3755.7</ele><time>2026-08-08T00:12:21Z</time></trkpt>
  <trkpt lat="62.98131" lon="-150.69410"><ele>3753.0</ele><time>2026-08-08T00:12:22Z</time></trkpt>
  <trkpt lat="62.98087" lon="-150.69495"><ele>3750.9</ele><time>2026-08-08T00:12:23Z</time></trkpt>
  <trkpt lat="62.98043" lon="-150.69575"><ele>3749.6</ele><time>2026-08-08T00:12:24Z</time></trkpt>
  <trkpt lat="62.97999" lon="-150.69651"><ele>3749.0</ele><time>2026-08-08T00:12:25Z</time></trkpt>
  <trkpt lat="62.97955" lon="-150.69724"><ele>3748.7</ele><time>2026-08-08T00:12:26Z</time></trkpt>
  <trkpt lat="62.97911" lon="-150.69798"><ele>3749.0</ele><time>2026-08-08T00:12:27Z</time></trkpt>
  <trkpt lat="62.97865" lon="-150.69872"><ele>3749.6</ele><time>2026-08-08T00:12:28Z</time></trkpt>
  <trkpt lat="62.97821" lon="-150.69947"><ele>3750.9</ele><time>2026-08-08T00:12:29Z</time></trkpt>
  <trkpt lat="62.97779" lon="-150.70025"><ele>3752.7</ele><time>2026-08-08T00:12:30Z</time></trkpt>
  <trkpt lat="62.97741" lon="-150.70112"><ele>3754.8</ele><time>2026-08-08T00:12:31Z</time></trkpt>
  <trkpt lat="62.97707" lon="-150.70209"><ele>3757.0</ele><time>2026-08-08T00:12:32Z</time></trkpt>
  <trkpt lat="62.97675" lon="-150.70314"><ele>3759.1</ele><time>2026-08-08T00:12:33Z</time></trkpt>
  <trkpt lat="62.97645" lon="-150.70425"><ele>3760.9</ele><time>2026-08-08T00:12:34Z</time></trkpt>
  <trkpt lat="62.97617" lon="-150.70537"><ele>3762.1</ele><time>2026-08-08T00:12:35Z</time></trkpt>
  <trkpt lat="62.97593" lon="-150.70650"><ele>3763.4</ele><time>2026-08-08T00:12:36Z</time></trkpt>
  <trkpt lat="62.97575" lon="-150.70764"><ele>3763.7</ele><time>2026-08-08T00:12:37Z</time></trkpt>
  <trkpt lat="62.97564" lon="-150.70882"><ele>3763.1</ele><time>2026-08-08T00:12:38Z</time></trkpt>
  <trkpt lat="62.97560" lon="-150.71007"><ele>3761.5</ele><time>2026-08-08T00:12:39Z</time></trkpt>
  <trkpt lat="62.97559" lon="-150.71138"><ele>3759.7</ele><time>2026-08-08T00:12:40Z</time></trkpt>
  <trkpt lat="62.97561" lon="-150.71272"><ele>3757.3</ele><time>2026-08-08T00:12:41Z</time></trkpt>
  <trkpt lat="62.97568" lon="-150.71404"><ele>3756.1</ele><time>2026-08-08T00:12:42Z</time></trkpt>
  <trkpt lat="62.97579" lon="-150.71532"><ele>3755.7</ele><time>2026-08-08T00:12:43Z</time></trkpt>
  <trkpt lat="62.97595" lon="-150.71653"><ele>3757.0</ele><time>2026-08-08T00:12:44Z</time></trkpt>
  <trkpt lat="62.97613" lon="-150.71771"><ele>3758.5</ele><time>2026-08-08T00:12:45Z</time></trkpt>
  <trkpt lat="62.97634" lon="-150.71884"><ele>3759.7</ele><time>2026-08-08T00:12:46Z</time></trkpt>
  <trkpt lat="62.97654" lon="-150.71986"><ele>3760.6</ele><time>2026-08-08T00:12:47Z</time></trkpt>
  <trkpt lat="62.97676" lon="-150.72081"><ele>3762.5</ele><time>2026-08-08T00:12:48Z</time></trkpt>
  <trkpt lat="62.97702" lon="-150.72182"><ele>3765.5</ele><time>2026-08-08T00:12:49Z</time></trkpt>
  <trkpt lat="62.97732" lon="-150.72292"><ele>3769.2</ele><time>2026-08-08T00:12:50Z</time></trkpt>
  <trkpt lat="62.97761" lon="-150.72398"><ele>3772.8</ele><time>2026-08-08T00:12:51Z</time></trkpt>
  <trkpt lat="62.97788" lon="-150.72490"><ele>3776.2</ele><time>2026-08-08T00:12:52Z</time></trkpt>
  <trkpt lat="62.97813" lon="-150.72579"><ele>3778.6</ele><time>2026-08-08T00:12:53Z</time></trkpt>
  <trkpt lat="62.97840" lon="-150.72674"><ele>3781.3</ele><time>2026-08-08T00:12:54Z</time></trkpt>
  <trkpt lat="62.97869" lon="-150.72774"><ele>3783.8</ele><time>2026-08-08T00:12:55Z</time></trkpt>
  <trkpt lat="62.97899" lon="-150.72881"><ele>3786.5</ele><time>2026-08-08T00:12:56Z</time></trkpt>
  <trkpt lat="62.97931" lon="-150.72993"><ele>3789.3</ele><time>2026-08-08T00:12:57Z</time></trkpt>
  <trkpt lat="62.97964" lon="-150.73108"><ele>3792.0</ele><time>2026-08-08T00:12:58Z</time></trkpt>
  <trkpt lat="62.97998" lon="-150.73227"><ele>3794.8</ele><time>2026-08-08T00:12:59Z</time></trkpt>
  <trkpt lat="62.98032" lon="-150.73348"><ele>3797.8</ele><time>2026-08-08T00:13:00Z</time></trkpt>
  <trkpt lat="62.98067" lon="-150.73471"><ele>3800.6</ele><time>2026-08-08T00:13:01Z</time></trkpt>
  <trkpt lat="62.98102" lon="-150.73594"><ele>3803.6</ele><time>2026-08-08T00:13:02Z</time></trkpt>
  <trkpt lat="62.98136" lon="-150.73717"><ele>3806.3</ele><time>2026-08-08T00:13:03Z</time></trkpt>
  <trkpt lat="62.98170" lon="-150.73839"><ele>3809.1</ele><time>2026-08-08T00:13:04Z</time></trkpt>
  <trkpt lat="62.98203" lon="-150.73959"><ele>3811.8</ele><time>2026-08-08T00:13:05Z</time></trkpt>
  <trkpt lat="62.98235" lon="-150.74076"><ele>3814.3</ele><time>2026-08-08T00:13:06Z</time></trkpt>
  <trkpt lat="62.98266" lon="-150.74189"><ele>3817.0</ele><time>2026-08-08T00:13:07Z</time></trkpt>
  <trkpt lat="62.98296" lon="-150.74299"><ele>3819.1</ele><time>2026-08-08T00:13:08Z</time></trkpt>
  <trkpt lat="62.98325" lon="-150.74408"><ele>3821.6</ele><time>2026-08-08T00:13:09Z</time></trkpt>
  <trkpt lat="62.98354" lon="-150.74517"><ele>3824.0</ele><time>2026-08-08T00:13:10Z</time></trkpt>
  <trkpt lat="62.98383" lon="-150.74627"><ele>3826.2</ele><time>2026-08-08T00:13:11Z</time></trkpt>
  <trkpt lat="62.98411" lon="-150.74738"><ele>3828.6</ele><time>2026-08-08T00:13:12Z</time></trkpt>
  <trkpt lat="62.98440" lon="-150.74849"><ele>3830.7</ele><time>2026-08-08T00:13:13Z</time></trkpt>
  <trkpt lat="62.98469" lon="-150.74961"><ele>3832.9</ele><time>2026-08-08T00:13:14Z</time></trkpt>
  <trkpt lat="62.98498" lon="-150.75072"><ele>3835.0</ele><time>2026-08-08T00:13:15Z</time></trkpt>
  <trkpt lat="62.98527" lon="-150.75184"><ele>3837.4</ele><time>2026-08-08T00:13:16Z</time></trkpt>
  <trkpt lat="62.98555" lon="-150.75294"><ele>3839.6</ele><time>2026-08-08T00:13:17Z</time></trkpt>
  <trkpt lat="62.98583" lon="-150.75405"><ele>3841.4</ele><time>2026-08-08T00:13:18Z</time></trkpt>
  <trkpt lat="62.98611" lon="-150.75514"><ele>3843.5</ele><time>2026-08-08T00:13:19Z</time></trkpt>
  <trkpt lat="62.98638" lon="-150.75621"><ele>3845.7</ele><time>2026-08-08T00:13:20Z</time></trkpt>
  <trkpt lat="62.98665" lon="-150.75728"><ele>3847.5</ele><time>2026-08-08T00:13:21Z</time></trkpt>
  <trkpt lat="62.98691" lon="-150.75832"><ele>3849.3</ele><time>2026-08-08T00:13:22Z</time></trkpt>
  <trkpt lat="62.98717" lon="-150.75935"><ele>3851.5</ele><time>2026-08-08T00:13:23Z</time></trkpt>
  <trkpt lat="62.98743" lon="-150.76037"><ele>3853.3</ele><time>2026-08-08T00:13:24Z</time></trkpt>
  <trkpt lat="62.98769" lon="-150.76142"><ele>3855.1</ele><time>2026-08-08T00:13:25Z</time></trkpt>
  <trkpt lat="62.98797" lon="-150.76253"><ele>3856.9</ele><time>2026-08-08T00:13:26Z</time></trkpt>
  <trkpt lat="62.98826" lon="-150.76370"><ele>3858.8</ele><time>2026-08-08T00:13:27Z</time></trkpt>
  <trkpt lat="62.98856" lon="-150.76492"><ele>3860.6</ele><time>2026-08-08T00:13:28Z</time></trkpt>
  <trkpt lat="62.98886" lon="-150.76614"><ele>3862.4</ele><time>2026-08-08T00:13:29Z</time></trkpt>
  <trkpt lat="62.98916" lon="-150.76734"><ele>3863.9</ele><time>2026-08-08T00:13:30Z</time></trkpt>
  <trkpt lat="62.98945" lon="-150.76852"><ele>3865.8</ele><time>2026-08-08T00:13:31Z</time></trkpt>
  <trkpt lat="62.98973" lon="-150.76968"><ele>3867.3</ele><time>2026-08-08T00:13:32Z</time></trkpt>
  <trkpt lat="62.99000" lon="-150.77080"><ele>3868.8</ele><time>2026-08-08T00:13:33Z</time></trkpt>
  <trkpt lat="62.99026" lon="-150.77188"><ele>3870.4</ele><time>2026-08-08T00:13:34Z</time></trkpt>
  <trkpt lat="62.99051" lon="-150.77291"><ele>3871.9</ele><time>2026-08-08T00:13:35Z</time></trkpt>
  <trkpt lat="62.99074" lon="-150.77389"><ele>3873.1</ele><time>2026-08-08T00:13:36Z</time></trkpt>
  <trkpt lat="62.99096" lon="-150.77481"><ele>3874.9</ele><time>2026-08-08T00:13:37Z</time></trkpt>
  <trkpt lat="62.99118" lon="-150.77574"><ele>3877.1</ele><time>2026-08-08T00:13:38Z</time></trkpt>
  <trkpt lat="62.99143" lon="-150.77675"><ele>3879.8</ele><time>2026-08-08T00:13:39Z</time></trkpt>
  <trkpt lat="62.99169" lon="-150.77788"><ele>3883.2</ele><time>2026-08-08T00:13:40Z</time></trkpt>
  <trkpt lat="62.99196" lon="-150.77902"><ele>3887.7</ele><time>2026-08-08T00:13:41Z</time></trkpt>
  <trkpt lat="62.99219" lon="-150.78003"><ele>3892.6</ele><time>2026-08-08T00:13:42Z</time></trkpt>
  <trkpt lat="62.99239" lon="-150.78091"><ele>3897.5</ele><time>2026-08-08T00:13:43Z</time></trkpt>
  <trkpt lat="62.99259" lon="-150.78175"><ele>3902.0</ele><time>2026-08-08T00:13:44Z</time></trkpt>
  <trkpt lat="62.99280" lon="-150.78264"><ele>3906.6</ele><time>2026-08-08T00:13:45Z</time></trkpt>
  <trkpt lat="62.99303" lon="-150.78362"><ele>3911.5</ele><time>2026-08-08T00:13:46Z</time></trkpt>
  <trkpt lat="62.99328" lon="-150.78463"><ele>3916.4</ele><time>2026-08-08T00:13:47Z</time></trkpt>
  <trkpt lat="62.99351" lon="-150.78559"><ele>3921.6</ele><time>2026-08-08T00:13:48Z</time></trkpt>
  <trkpt lat="62.99374" lon="-150.78651"><ele>3927.0</ele><time>2026-08-08T00:13:49Z</time></trkpt>
  <trkpt lat="62.99397" lon="-150.78744"><ele>3933.1</ele><time>2026-08-08T00:13:50Z</time></trkpt>
  <trkpt lat="62.99421" lon="-150.78843"><ele>3939.2</ele><time>2026-08-08T00:13:51Z</time></trkpt>
  <trkpt lat="62.99447" lon="-150.78946"><ele>3945.6</ele><time>2026-08-08T00:13:52Z</time></trkpt>
  <trkpt lat="62.99473" lon="-150.79053"><ele>3952.3</ele><time>2026-08-08T00:13:53Z</time></trkpt>
  <trkpt lat="62.99499" lon="-150.79161"><ele>3959.0</ele><time>2026-08-08T00:13:54Z</time></trkpt>
  <trkpt lat="62.99526" lon="-150.79267"><ele>3965.4</ele><time>2026-08-08T00:13:55Z</time></trkpt>
  <trkpt lat="62.99551" lon="-150.79371"><ele>3971.5</ele><time>2026-08-08T00:13:56Z</time></trkpt>
  <trkpt lat="62.99576" lon="-150.79469"><ele>3977.6</ele><time>2026-08-08T00:13:57Z</time></trkpt>
  <trkpt lat="62.99598" lon="-150.79561"><ele>3983.1</ele><time>2026-08-08T00:13:58Z</time></trkpt>
  <trkpt lat="62.99620" lon="-150.79649"><ele>3988.3</ele><time>2026-08-08T00:13:59Z</time></trkpt>
  <trkpt lat="62.99641" lon="-150.79735"><ele>3993.2</ele><time>2026-08-08T00:14:00Z</time></trkpt>
  <trkpt lat="62.99662" lon="-150.79819"><ele>3998.1</ele><time>2026-08-08T00:14:01Z</time></trkpt>
  <trkpt lat="62.99684" lon="-150.79905"><ele>4002.6</ele><time>2026-08-08T00:14:02Z</time></trkpt>
  <trkpt lat="62.99705" lon="-150.79992"><ele>4007.5</ele><time>2026-08-08T00:14:03Z</time></trkpt>
  <trkpt lat="62.99728" lon="-150.80084"><ele>4012.7</ele><time>2026-08-08T00:14:04Z</time></trkpt>
  <trkpt lat="62.99752" lon="-150.80180"><ele>4017.6</ele><time>2026-08-08T00:14:05Z</time></trkpt>
  <trkpt lat="62.99777" lon="-150.80279"><ele>4022.8</ele><time>2026-08-08T00:14:06Z</time></trkpt>
  <trkpt lat="62.99803" lon="-150.80378"><ele>4027.9</ele><time>2026-08-08T00:14:07Z</time></trkpt>
  <trkpt lat="62.99827" lon="-150.80472"><ele>4032.8</ele><time>2026-08-08T00:14:08Z</time></trkpt>
  <trkpt lat="62.99849" lon="-150.80560"><ele>4037.4</ele><time>2026-08-08T00:14:09Z</time></trkpt>
  <trkpt lat="62.99872" lon="-150.80648"><ele>4042.0</ele><time>2026-08-08T00:14:10Z</time></trkpt>
  <trkpt lat="62.99895" lon="-150.80738"><ele>4046.5</ele><time>2026-08-08T00:14:11Z</time></trkpt>
  <trkpt lat="62.99919" lon="-150.80831"><ele>4051.1</ele><time>2026-08-08T00:14:12Z</time></trkpt>
  <trkpt lat="62.99944" lon="-150.80928"><ele>4056.0</ele><time>2026-08-08T00:14:13Z</time></trkpt>
  <trkpt lat="62.99970" lon="-150.81026"><ele>4060.9</ele><time>2026-08-08T00:14:14Z</time></trkpt>
  <trkpt lat="62.99995" lon="-150.81125"><ele>4065.7</ele><time>2026-08-08T00:14:15Z</time></trkpt>
  <trkpt lat="63.00021" lon="-150.81225"><ele>4070.6</ele><time>2026-08-08T00:14:16Z</time></trkpt>
  <trkpt lat="63.00047" lon="-150.81324"><ele>4075.5</ele><time>2026-08-08T00:14:17Z</time></trkpt>
  <trkpt lat="63.00072" lon="-150.81421"><ele>4080.1</ele><time>2026-08-08T00:14:18Z</time></trkpt>
  <trkpt lat="63.00097" lon="-150.81516"><ele>4084.9</ele><time>2026-08-08T00:14:19Z</time></trkpt>
  <trkpt lat="63.00121" lon="-150.81607"><ele>4089.5</ele><time>2026-08-08T00:14:20Z</time></trkpt>
  <trkpt lat="63.00144" lon="-150.81694"><ele>4093.8</ele><time>2026-08-08T00:14:21Z</time></trkpt>
  <trkpt lat="63.00165" lon="-150.81777"><ele>4098.3</ele><time>2026-08-08T00:14:22Z</time></trkpt>
  <trkpt lat="63.00187" lon="-150.81858"><ele>4102.9</ele><time>2026-08-08T00:14:23Z</time></trkpt>
  <trkpt lat="63.00210" lon="-150.81947"><ele>4107.8</ele><time>2026-08-08T00:14:24Z</time></trkpt>
  <trkpt lat="63.00236" lon="-150.82047"><ele>4113.3</ele><time>2026-08-08T00:14:25Z</time></trkpt>
  <trkpt lat="63.00264" lon="-150.82152"><ele>4119.1</ele><time>2026-08-08T00:14:26Z</time></trkpt>
  <trkpt lat="63.00291" lon="-150.82251"><ele>4124.9</ele><time>2026-08-08T00:14:27Z</time></trkpt>
  <trkpt lat="63.00314" lon="-150.82337"><ele>4130.3</ele><time>2026-08-08T00:14:28Z</time></trkpt>
  <trkpt lat="63.00334" lon="-150.82412"><ele>4135.5</ele><time>2026-08-08T00:14:29Z</time></trkpt>
  <trkpt lat="63.00354" lon="-150.82482"><ele>4139.8</ele><time>2026-08-08T00:14:30Z</time></trkpt>
  <trkpt lat="63.00373" lon="-150.82554"><ele>4143.8</ele><time>2026-08-08T00:14:31Z</time></trkpt>
  <trkpt lat="63.00395" lon="-150.82630"><ele>4147.1</ele><time>2026-08-08T00:14:32Z</time></trkpt>
  <trkpt lat="63.00417" lon="-150.82707"><ele>4149.9</ele><time>2026-08-08T00:14:33Z</time></trkpt>
  <trkpt lat="63.00441" lon="-150.82782"><ele>4152.6</ele><time>2026-08-08T00:14:34Z</time></trkpt>
  <trkpt lat="63.00468" lon="-150.82859"><ele>4155.6</ele><time>2026-08-08T00:14:35Z</time></trkpt>
  <trkpt lat="63.00497" lon="-150.82937"><ele>4159.3</ele><time>2026-08-08T00:14:36Z</time></trkpt>
  <trkpt lat="63.00528" lon="-150.83018"><ele>4163.0</ele><time>2026-08-08T00:14:37Z</time></trkpt>
  <trkpt lat="63.00561" lon="-150.83100"><ele>4166.9</ele><time>2026-08-08T00:14:38Z</time></trkpt>
  <trkpt lat="63.00594" lon="-150.83180"><ele>4170.9</ele><time>2026-08-08T00:14:39Z</time></trkpt>
  <trkpt lat="63.00627" lon="-150.83257"><ele>4174.8</ele><time>2026-08-08T00:14:40Z</time></trkpt>
  <trkpt lat="63.00661" lon="-150.83333"><ele>4178.8</ele><time>2026-08-08T00:14:41Z</time></trkpt>
  <trkpt lat="63.00695" lon="-150.83405"><ele>4182.8</ele><time>2026-08-08T00:14:42Z</time></trkpt>
  <trkpt lat="63.00729" lon="-150.83472"><ele>4187.0</ele><time>2026-08-08T00:14:43Z</time></trkpt>
  <trkpt lat="63.00763" lon="-150.83536"><ele>4191.6</ele><time>2026-08-08T00:14:44Z</time></trkpt>
  <trkpt lat="63.00797" lon="-150.83598"><ele>4196.8</ele><time>2026-08-08T00:14:45Z</time></trkpt>
  <trkpt lat="63.00832" lon="-150.83660"><ele>4202.6</ele><time>2026-08-08T00:14:46Z</time></trkpt>
  <trkpt lat="63.00869" lon="-150.83721"><ele>4207.8</ele><time>2026-08-08T00:14:47Z</time></trkpt>
  <trkpt lat="63.00907" lon="-150.83781"><ele>4212.6</ele><time>2026-08-08T00:14:48Z</time></trkpt>
  <trkpt lat="63.00944" lon="-150.83838"><ele>4216.9</ele><time>2026-08-08T00:14:49Z</time></trkpt>
  <trkpt lat="63.00981" lon="-150.83894"><ele>4220.3</ele><time>2026-08-08T00:14:50Z</time></trkpt>
  <trkpt lat="63.01020" lon="-150.83950"><ele>4223.6</ele><time>2026-08-08T00:14:51Z</time></trkpt>
  <trkpt lat="63.01060" lon="-150.84009"><ele>4227.0</ele><time>2026-08-08T00:14:52Z</time></trkpt>
  <trkpt lat="63.01103" lon="-150.84069"><ele>4230.3</ele><time>2026-08-08T00:14:53Z</time></trkpt>
  <trkpt lat="63.01146" lon="-150.84129"><ele>4234.0</ele><time>2026-08-08T00:14:54Z</time></trkpt>
  <trkpt lat="63.01188" lon="-150.84184"><ele>4237.9</ele><time>2026-08-08T00:14:55Z</time></trkpt>
  <trkpt lat="63.01226" lon="-150.84234"><ele>4241.9</ele><time>2026-08-08T00:14:56Z</time></trkpt>
  <trkpt lat="63.01262" lon="-150.84281"><ele>4246.2</ele><time>2026-08-08T00:14:57Z</time></trkpt>
  <trkpt lat="63.01298" lon="-150.84326"><ele>4250.7</ele><time>2026-08-08T00:14:58Z</time></trkpt>
  <trkpt lat="63.01335" lon="-150.84373"><ele>4255.3</ele><time>2026-08-08T00:14:59Z</time></trkpt>
  <trkpt lat="63.01374" lon="-150.84423"><ele>4260.2</ele><time>2026-08-08T00:15:00Z</time></trkpt>
  <trkpt lat="63.01418" lon="-150.84476"><ele>4265.4</ele><time>2026-08-08T00:15:01Z</time></trkpt>
  <trkpt lat="63.01465" lon="-150.84535"><ele>4270.6</ele><time>2026-08-08T00:15:02Z</time></trkpt>
  <trkpt lat="63.01515" lon="-150.84596"><ele>4275.7</ele><time>2026-08-08T00:15:03Z</time></trkpt>
  <trkpt lat="63.01563" lon="-150.84656"><ele>4280.6</ele><time>2026-08-08T00:15:04Z</time></trkpt>
  <trkpt lat="63.01606" lon="-150.84709"><ele>4284.9</ele><time>2026-08-08T00:15:05Z</time></trkpt>
  <trkpt lat="63.01646" lon="-150.84758"><ele>4288.8</ele><time>2026-08-08T00:15:06Z</time></trkpt>
  <trkpt lat="63.01685" lon="-150.84806"><ele>4292.5</ele><time>2026-08-08T00:15:07Z</time></trkpt>
  <trkpt lat="63.01725" lon="-150.84856"><ele>4296.5</ele><time>2026-08-08T00:15:08Z</time></trkpt>
  <trkpt lat="63.01768" lon="-150.84909"><ele>4300.1</ele><time>2026-08-08T00:15:09Z</time></trkpt>
  <trkpt lat="63.01812" lon="-150.84963"><ele>4304.1</ele><time>2026-08-08T00:15:10Z</time></trkpt>
  <trkpt lat="63.01857" lon="-150.85019"><ele>4308.0</ele><time>2026-08-08T00:15:11Z</time></trkpt>
  <trkpt lat="63.01903" lon="-150.85076"><ele>4312.0</ele><time>2026-08-08T00:15:12Z</time></trkpt>
  <trkpt lat="63.01950" lon="-150.85133"><ele>4316.0</ele><time>2026-08-08T00:15:13Z</time></trkpt>
  <trkpt lat="63.01997" lon="-150.85191"><ele>4320.2</ele><time>2026-08-08T00:15:14Z</time></trkpt>
  <trkpt lat="63.02044" lon="-150.85249"><ele>4324.2</ele><time>2026-08-08T00:15:15Z</time></trkpt>
  <trkpt lat="63.02090" lon="-150.85306"><ele>4328.2</ele><time>2026-08-08T00:15:16Z</time></trkpt>
  <trkpt lat="63.02136" lon="-150.85363"><ele>4331.8</ele><time>2026-08-08T00:15:17Z</time></trkpt>
  <trkpt lat="63.02181" lon="-150.85418"><ele>4335.8</ele><time>2026-08-08T00:15:18Z</time></trkpt>
  <trkpt lat="63.02224" lon="-150.85472"><ele>4339.4</ele><time>2026-08-08T00:15:19Z</time></trkpt>
  <trkpt lat="63.02266" lon="-150.85524"><ele>4343.1</ele><time>2026-08-08T00:15:20Z</time></trkpt>
  <trkpt lat="63.02307" lon="-150.85575"><ele>4346.4</ele><time>2026-08-08T00:15:21Z</time></trkpt>
  <trkpt lat="63.02350" lon="-150.85628"><ele>4350.1</ele><time>2026-08-08T00:15:22Z</time></trkpt>
  <trkpt lat="63.02395" lon="-150.85685"><ele>4353.8</ele><time>2026-08-08T00:15:23Z</time></trkpt>
  <trkpt lat="63.02444" lon="-150.85746"><ele>4357.4</ele><time>2026-08-08T00:15:24Z</time></trkpt>
  <trkpt lat="63.02495" lon="-150.85809"><ele>4361.4</ele><time>2026-08-08T00:15:25Z</time></trkpt>
  <trkpt lat="63.02544" lon="-150.85872"><ele>4365.3</ele><time>2026-08-08T00:15:26Z</time></trkpt>
  <trkpt lat="63.02592" lon="-150.85933"><ele>4368.7</ele><time>2026-08-08T00:15:27Z</time></trkpt>
  <trkpt lat="63.02638" lon="-150.85991"><ele>4372.4</ele><time>2026-08-08T00:15:28Z</time></trkpt>
  <trkpt lat="63.02682" lon="-150.86046"><ele>4375.4</ele><time>2026-08-08T00:15:29Z</time></trkpt>
  <trkpt lat="63.02723" lon="-150.86099"><ele>4378.5</ele><time>2026-08-08T00:15:30Z</time></trkpt>
  <trkpt lat="63.02762" lon="-150.86149"><ele>4381.2</ele><time>2026-08-08T00:15:31Z</time></trkpt>
  <trkpt lat="63.02799" lon="-150.86196"><ele>4383.9</ele><time>2026-08-08T00:15:32Z</time></trkpt>
  <trkpt lat="63.02836" lon="-150.86244"><ele>4386.4</ele><time>2026-08-08T00:15:33Z</time></trkpt>
  <trkpt lat="63.02876" lon="-150.86296"><ele>4388.8</ele><time>2026-08-08T00:15:34Z</time></trkpt>
  <trkpt lat="63.02919" lon="-150.86352"><ele>4390.9</ele><time>2026-08-08T00:15:35Z</time></trkpt>
  <trkpt lat="63.02961" lon="-150.86407"><ele>4392.8</ele><time>2026-08-08T00:15:36Z</time></trkpt>
  <trkpt lat="63.03000" lon="-150.86460"><ele>4394.9</ele><time>2026-08-08T00:15:37Z</time></trkpt>
  <trkpt lat="63.03037" lon="-150.86512"><ele>4397.7</ele><time>2026-08-08T00:15:38Z</time></trkpt>
  <trkpt lat="63.03077" lon="-150.86567"><ele>4401.0</ele><time>2026-08-08T00:15:39Z</time></trkpt>
  <trkpt lat="63.03119" lon="-150.86626"><ele>4405.3</ele><time>2026-08-08T00:15:40Z</time></trkpt>
  <trkpt lat="63.03162" lon="-150.86688"><ele>4410.5</ele><time>2026-08-08T00:15:41Z</time></trkpt>
  <trkpt lat="63.03206" lon="-150.86752"><ele>4415.3</ele><time>2026-08-08T00:15:42Z</time></trkpt>
  <trkpt lat="63.03251" lon="-150.86817"><ele>4420.2</ele><time>2026-08-08T00:15:43Z</time></trkpt>
  <trkpt lat="63.03295" lon="-150.86882"><ele>4424.2</ele><time>2026-08-08T00:15:44Z</time></trkpt>
  <trkpt lat="63.03338" lon="-150.86946"><ele>4426.9</ele><time>2026-08-08T00:15:45Z</time></trkpt>
  <trkpt lat="63.03382" lon="-150.87010"><ele>4429.0</ele><time>2026-08-08T00:15:46Z</time></trkpt>
  <trkpt lat="63.03424" lon="-150.87075"><ele>4430.6</ele><time>2026-08-08T00:15:47Z</time></trkpt>
  <trkpt lat="63.03467" lon="-150.87143"><ele>4432.1</ele><time>2026-08-08T00:15:48Z</time></trkpt>
  <trkpt lat="63.03508" lon="-150.87215"><ele>4434.2</ele><time>2026-08-08T00:15:49Z</time></trkpt>
  <trkpt lat="63.03548" lon="-150.87290"><ele>4437.3</ele><time>2026-08-08T00:15:50Z</time></trkpt>
  <trkpt lat="63.03585" lon="-150.87367"><ele>4440.9</ele><time>2026-08-08T00:15:51Z</time></trkpt>
  <trkpt lat="63.03622" lon="-150.87447"><ele>4445.2</ele><time>2026-08-08T00:15:52Z</time></trkpt>
  <trkpt lat="63.03658" lon="-150.87529"><ele>4450.1</ele><time>2026-08-08T00:15:53Z</time></trkpt>
  <trkpt lat="63.03694" lon="-150.87613"><ele>4455.6</ele><time>2026-08-08T00:15:54Z</time></trkpt>
  <trkpt lat="63.03727" lon="-150.87696"><ele>4461.1</ele><time>2026-08-08T00:15:55Z</time></trkpt>
  <trkpt lat="63.03759" lon="-150.87778"><ele>4466.8</ele><time>2026-08-08T00:15:56Z</time></trkpt>
  <trkpt lat="63.03790" lon="-150.87863"><ele>4473.2</ele><time>2026-08-08T00:15:57Z</time></trkpt>
  <trkpt lat="63.03818" lon="-150.87953"><ele>4480.0</ele><time>2026-08-08T00:15:58Z</time></trkpt>
  <trkpt lat="63.03843" lon="-150.88046"><ele>4487.0</ele><time>2026-08-08T00:15:59Z</time></trkpt>
  <trkpt lat="63.03864" lon="-150.88136"><ele>4494.0</ele><time>2026-08-08T00:16:00Z</time></trkpt>
  <trkpt lat="63.03881" lon="-150.88223"><ele>4500.7</ele><time>2026-08-08T00:16:01Z</time></trkpt>
  <trkpt lat="63.03895" lon="-150.88309"><ele>4506.8</ele><time>2026-08-08T00:16:02Z</time></trkpt>
  <trkpt lat="63.03906" lon="-150.88398"><ele>4512.6</ele><time>2026-08-08T00:16:03Z</time></trkpt>
  <trkpt lat="63.03914" lon="-150.88490"><ele>4518.7</ele><time>2026-08-08T00:16:04Z</time></trkpt>
  <trkpt lat="63.03920" lon="-150.88590"><ele>4525.1</ele><time>2026-08-08T00:16:05Z</time></trkpt>
  <trkpt lat="63.03924" lon="-150.88695"><ele>4532.4</ele><time>2026-08-08T00:16:06Z</time></trkpt>
  <trkpt lat="63.03925" lon="-150.88801"><ele>4540.0</ele><time>2026-08-08T00:16:07Z</time></trkpt>
  <trkpt lat="63.03924" lon="-150.88903"><ele>4547.9</ele><time>2026-08-08T00:16:08Z</time></trkpt>
  <trkpt lat="63.03919" lon="-150.88999"><ele>4555.8</ele><time>2026-08-08T00:16:09Z</time></trkpt>
  <trkpt lat="63.03909" lon="-150.89089"><ele>4563.5</ele><time>2026-08-08T00:16:10Z</time></trkpt>
  <trkpt lat="63.03894" lon="-150.89178"><ele>4570.5</ele><time>2026-08-08T00:16:11Z</time></trkpt>
  <trkpt lat="63.03876" lon="-150.89267"><ele>4577.8</ele><time>2026-08-08T00:16:12Z</time></trkpt>
  <trkpt lat="63.03854" lon="-150.89355"><ele>4585.4</ele><time>2026-08-08T00:16:13Z</time></trkpt>
  <trkpt lat="63.03830" lon="-150.89439"><ele>4592.7</ele><time>2026-08-08T00:16:14Z</time></trkpt>
  <trkpt lat="63.03803" lon="-150.89519"><ele>4599.4</ele><time>2026-08-08T00:16:15Z</time></trkpt>
  <trkpt lat="63.03772" lon="-150.89593"><ele>4605.2</ele><time>2026-08-08T00:16:16Z</time></trkpt>
  <trkpt lat="63.03739" lon="-150.89664"><ele>4610.1</ele><time>2026-08-08T00:16:17Z</time></trkpt>
  <trkpt lat="63.03702" lon="-150.89731"><ele>4614.1</ele><time>2026-08-08T00:16:18Z</time></trkpt>
  <trkpt lat="63.03663" lon="-150.89792"><ele>4617.7</ele><time>2026-08-08T00:16:19Z</time></trkpt>
  <trkpt lat="63.03622" lon="-150.89847"><ele>4621.4</ele><time>2026-08-08T00:16:20Z</time></trkpt>
  <trkpt lat="63.03578" lon="-150.89895"><ele>4624.4</ele><time>2026-08-08T00:16:21Z</time></trkpt>
  <trkpt lat="63.03531" lon="-150.89935"><ele>4626.6</ele><time>2026-08-08T00:16:22Z</time></trkpt>
  <trkpt lat="63.03481" lon="-150.89965"><ele>4628.1</ele><time>2026-08-08T00:16:23Z</time></trkpt>
  <trkpt lat="63.03425" lon="-150.89983"><ele>4629.0</ele><time>2026-08-08T00:16:24Z</time></trkpt>
  <trkpt lat="63.03366" lon="-150.89991"><ele>4630.2</ele><time>2026-08-08T00:16:25Z</time></trkpt>
  <trkpt lat="63.03308" lon="-150.89992"><ele>4632.0</ele><time>2026-08-08T00:16:26Z</time></trkpt>
  <trkpt lat="63.03251" lon="-150.89985"><ele>4635.1</ele><time>2026-08-08T00:16:27Z</time></trkpt>
  <trkpt lat="63.03193" lon="-150.89965"><ele>4639.4</ele><time>2026-08-08T00:16:28Z</time></trkpt>
  <trkpt lat="63.03131" lon="-150.89932"><ele>4644.5</ele><time>2026-08-08T00:16:29Z</time></trkpt>
  <trkpt lat="63.03071" lon="-150.89889"><ele>4650.9</ele><time>2026-08-08T00:16:30Z</time></trkpt>
  <trkpt lat="63.03014" lon="-150.89841"><ele>4658.3</ele><time>2026-08-08T00:16:31Z</time></trkpt>
  <trkpt lat="63.02958" lon="-150.89785"><ele>4666.5</ele><time>2026-08-08T00:16:32Z</time></trkpt>
  <trkpt lat="63.02902" lon="-150.89719"><ele>4675.0</ele><time>2026-08-08T00:16:33Z</time></trkpt>
  <trkpt lat="63.02846" lon="-150.89643"><ele>4684.2</ele><time>2026-08-08T00:16:34Z</time></trkpt>
  <trkpt lat="63.02794" lon="-150.89562"><ele>4693.3</ele><time>2026-08-08T00:16:35Z</time></trkpt>
  <trkpt lat="63.02745" lon="-150.89477"><ele>4702.1</ele><time>2026-08-08T00:16:36Z</time></trkpt>
  <trkpt lat="63.02698" lon="-150.89386"><ele>4710.4</ele><time>2026-08-08T00:16:37Z</time></trkpt>
  <trkpt lat="63.02651" lon="-150.89284"><ele>4718.3</ele><time>2026-08-08T00:16:38Z</time></trkpt>
  <trkpt lat="63.02607" lon="-150.89173"><ele>4726.5</ele><time>2026-08-08T00:16:39Z</time></trkpt>
  <trkpt lat="63.02566" lon="-150.89058"><ele>4735.4</ele><time>2026-08-08T00:16:40Z</time></trkpt>
  <trkpt lat="63.02529" lon="-150.88941"><ele>4744.5</ele><time>2026-08-08T00:16:41Z</time></trkpt>
  <trkpt lat="63.02496" lon="-150.88820"><ele>4753.7</ele><time>2026-08-08T00:16:42Z</time></trkpt>
  <trkpt lat="63.02466" lon="-150.88695"><ele>4762.5</ele><time>2026-08-08T00:16:43Z</time></trkpt>
  <trkpt lat="63.02439" lon="-150.88565"><ele>4770.7</ele><time>2026-08-08T00:16:44Z</time></trkpt>
  <trkpt lat="63.02415" lon="-150.88431"><ele>4778.0</ele><time>2026-08-08T00:16:45Z</time></trkpt>
  <trkpt lat="63.02396" lon="-150.88294"><ele>4785.4</ele><time>2026-08-08T00:16:46Z</time></trkpt>
  <trkpt lat="63.02379" lon="-150.88153"><ele>4792.4</ele><time>2026-08-08T00:16:47Z</time></trkpt>
  <trkpt lat="63.02364" lon="-150.88008"><ele>4799.1</ele><time>2026-08-08T00:16:48Z</time></trkpt>
  <trkpt lat="63.02354" lon="-150.87860"><ele>4805.2</ele><time>2026-08-08T00:16:49Z</time></trkpt>
  <trkpt lat="63.02346" lon="-150.87712"><ele>4810.4</ele><time>2026-08-08T00:16:50Z</time></trkpt>
  <trkpt lat="63.02342" lon="-150.87570"><ele>4814.9</ele><time>2026-08-08T00:16:51Z</time></trkpt>
  <trkpt lat="63.02342" lon="-150.87431"><ele>4818.6</ele><time>2026-08-08T00:16:52Z</time></trkpt>
  <trkpt lat="63.02345" lon="-150.87287"><ele>4821.6</ele><time>2026-08-08T00:16:53Z</time></trkpt>
  <trkpt lat="63.02351" lon="-150.87135"><ele>4823.8</ele><time>2026-08-08T00:16:54Z</time></trkpt>
  <trkpt lat="63.02360" lon="-150.86981"><ele>4825.6</ele><time>2026-08-08T00:16:55Z</time></trkpt>
  <trkpt lat="63.02372" lon="-150.86833"><ele>4827.4</ele><time>2026-08-08T00:16:56Z</time></trkpt>
  <trkpt lat="63.02387" lon="-150.86692"><ele>4828.9</ele><time>2026-08-08T00:16:57Z</time></trkpt>
  <trkpt lat="63.02406" lon="-150.86553"><ele>4829.9</ele><time>2026-08-08T00:16:58Z</time></trkpt>
  <trkpt lat="63.02430" lon="-150.86412"><ele>4829.9</ele><time>2026-08-08T00:16:59Z</time></trkpt>
  <trkpt lat="63.02456" lon="-150.86273"><ele>4829.3</ele><time>2026-08-08T00:17:00Z</time></trkpt>
  <trkpt lat="63.02485" lon="-150.86137"><ele>4829.3</ele><time>2026-08-08T00:17:01Z</time></trkpt>
  <trkpt lat="63.02518" lon="-150.86005"><ele>4830.2</ele><time>2026-08-08T00:17:02Z</time></trkpt>
  <trkpt lat="63.02553" lon="-150.85877"><ele>4832.3</ele><time>2026-08-08T00:17:03Z</time></trkpt>
  <trkpt lat="63.02593" lon="-150.85753"><ele>4835.3</ele><time>2026-08-08T00:17:04Z</time></trkpt>
  <trkpt lat="63.02635" lon="-150.85635"><ele>4838.4</ele><time>2026-08-08T00:17:05Z</time></trkpt>
  <trkpt lat="63.02679" lon="-150.85525"><ele>4841.7</ele><time>2026-08-08T00:17:06Z</time></trkpt>
  <trkpt lat="63.02725" lon="-150.85423"><ele>4845.1</ele><time>2026-08-08T00:17:07Z</time></trkpt>
  <trkpt lat="63.02772" lon="-150.85328"><ele>4848.5</ele><time>2026-08-08T00:17:08Z</time></trkpt>
  <trkpt lat="63.02822" lon="-150.85237"><ele>4851.5</ele><time>2026-08-08T00:17:09Z</time></trkpt>
  <trkpt lat="63.02874" lon="-150.85151"><ele>4853.3</ele><time>2026-08-08T00:17:10Z</time></trkpt>
  <trkpt lat="63.02927" lon="-150.85074"><ele>4854.9</ele><time>2026-08-08T00:17:11Z</time></trkpt>
  <trkpt lat="63.02982" lon="-150.85006"><ele>4856.7</ele><time>2026-08-08T00:17:12Z</time></trkpt>
  <trkpt lat="63.03037" lon="-150.84947"><ele>4860.0</ele><time>2026-08-08T00:17:13Z</time></trkpt>
  <trkpt lat="63.03092" lon="-150.84895"><ele>4864.3</ele><time>2026-08-08T00:17:14Z</time></trkpt>
  <trkpt lat="63.03146" lon="-150.84847"><ele>4869.5</ele><time>2026-08-08T00:17:15Z</time></trkpt>
  <trkpt lat="63.03201" lon="-150.84799"><ele>4875.3</ele><time>2026-08-08T00:17:16Z</time></trkpt>
  <trkpt lat="63.03260" lon="-150.84749"><ele>4881.7</ele><time>2026-08-08T00:17:17Z</time></trkpt>
  <trkpt lat="63.03320" lon="-150.84694"><ele>4888.4</ele><time>2026-08-08T00:17:18Z</time></trkpt>
  <trkpt lat="63.03377" lon="-150.84634"><ele>4895.1</ele><time>2026-08-08T00:17:19Z</time></trkpt>
  <trkpt lat="63.03431" lon="-150.84569"><ele>4901.5</ele><time>2026-08-08T00:17:20Z</time></trkpt>
  <trkpt lat="63.03481" lon="-150.84497"><ele>4906.4</ele><time>2026-08-08T00:17:21Z</time></trkpt>
  <trkpt lat="63.03527" lon="-150.84418"><ele>4909.4</ele><time>2026-08-08T00:17:22Z</time></trkpt>
  <trkpt lat="63.03568" lon="-150.84329"><ele>4910.6</ele><time>2026-08-08T00:17:23Z</time></trkpt>
  <trkpt lat="63.03606" lon="-150.84230"><ele>4911.2</ele><time>2026-08-08T00:17:24Z</time></trkpt>
  <trkpt lat="63.03641" lon="-150.84121"><ele>4911.9</ele><time>2026-08-08T00:17:25Z</time></trkpt>
  <trkpt lat="63.03671" lon="-150.84006"><ele>4912.8</ele><time>2026-08-08T00:17:26Z</time></trkpt>
  <trkpt lat="63.03697" lon="-150.83886"><ele>4913.4</ele><time>2026-08-08T00:17:27Z</time></trkpt>
  <trkpt lat="63.03717" lon="-150.83759"><ele>4912.8</ele><time>2026-08-08T00:17:28Z</time></trkpt>
  <trkpt lat="63.03731" lon="-150.83624"><ele>4910.6</ele><time>2026-08-08T00:17:29Z</time></trkpt>
  <trkpt lat="63.03739" lon="-150.83485"><ele>4907.0</ele><time>2026-08-08T00:17:30Z</time></trkpt>
  <trkpt lat="63.03742" lon="-150.83347"><ele>4902.1</ele><time>2026-08-08T00:17:31Z</time></trkpt>
  <trkpt lat="63.03739" lon="-150.83210"><ele>4896.6</ele><time>2026-08-08T00:17:32Z</time></trkpt>
  <trkpt lat="63.03731" lon="-150.83074"><ele>4890.2</ele><time>2026-08-08T00:17:33Z</time></trkpt>
  <trkpt lat="63.03718" lon="-150.82937"><ele>4883.5</ele><time>2026-08-08T00:17:34Z</time></trkpt>
  <trkpt lat="63.03698" lon="-150.82805"><ele>4876.5</ele><time>2026-08-08T00:17:35Z</time></trkpt>
  <trkpt lat="63.03672" lon="-150.82676"><ele>4869.2</ele><time>2026-08-08T00:17:36Z</time></trkpt>
  <trkpt lat="63.03640" lon="-150.82551"><ele>4861.0</ele><time>2026-08-08T00:17:37Z</time></trkpt>
  <trkpt lat="63.03603" lon="-150.82432"><ele>4853.0</ele><time>2026-08-08T00:17:38Z</time></trkpt>
  <trkpt lat="63.03563" lon="-150.82324"><ele>4845.7</ele><time>2026-08-08T00:17:39Z</time></trkpt>
  <trkpt lat="63.03521" lon="-150.82229"><ele>4839.9</ele><time>2026-08-08T00:17:40Z</time></trkpt>
  <trkpt lat="63.03475" lon="-150.82142"><ele>4835.0</ele><time>2026-08-08T00:17:41Z</time></trkpt>
  <trkpt lat="63.03426" lon="-150.82060"><ele>4831.1</ele><time>2026-08-08T00:17:42Z</time></trkpt>
  <trkpt lat="63.03373" lon="-150.81985"><ele>4827.7</ele><time>2026-08-08T00:17:43Z</time></trkpt>
  <trkpt lat="63.03318" lon="-150.81919"><ele>4825.6</ele><time>2026-08-08T00:17:44Z</time></trkpt>
  <trkpt lat="63.03262" lon="-150.81863"><ele>4824.4</ele><time>2026-08-08T00:17:45Z</time></trkpt>
  <trkpt lat="63.03207" lon="-150.81817"><ele>4823.8</ele><time>2026-08-08T00:17:46Z</time></trkpt>
  <trkpt lat="63.03152" lon="-150.81782"><ele>4824.4</ele><time>2026-08-08T00:17:47Z</time></trkpt>
  <trkpt lat="63.03096" lon="-150.81756"><ele>4825.6</ele><time>2026-08-08T00:17:48Z</time></trkpt>
  <trkpt lat="63.03040" lon="-150.81740"><ele>4827.1</ele><time>2026-08-08T00:17:49Z</time></trkpt>
  <trkpt lat="63.02987" lon="-150.81734"><ele>4829.3</ele><time>2026-08-08T00:17:50Z</time></trkpt>
  <trkpt lat="63.02935" lon="-150.81739"><ele>4831.1</ele><time>2026-08-08T00:17:51Z</time></trkpt>
  <trkpt lat="63.02885" lon="-150.81752"><ele>4833.2</ele><time>2026-08-08T00:17:52Z</time></trkpt>
  <trkpt lat="63.02835" lon="-150.81773"><ele>4835.3</ele><time>2026-08-08T00:17:53Z</time></trkpt>
  <trkpt lat="63.02787" lon="-150.81802"><ele>4837.5</ele><time>2026-08-08T00:17:54Z</time></trkpt>
  <trkpt lat="63.02741" lon="-150.81842"><ele>4839.6</ele><time>2026-08-08T00:17:55Z</time></trkpt>
  <trkpt lat="63.02699" lon="-150.81889"><ele>4842.1</ele><time>2026-08-08T00:17:56Z</time></trkpt>
  <trkpt lat="63.02659" lon="-150.81943"><ele>4844.8</ele><time>2026-08-08T00:17:57Z</time></trkpt>
  <trkpt lat="63.02622" lon="-150.82003"><ele>4847.8</ele><time>2026-08-08T00:17:58Z</time></trkpt>
  <trkpt lat="63.02589" lon="-150.82069"><ele>4851.5</ele><time>2026-08-08T00:17:59Z</time></trkpt>
  <trkpt lat="63.02559" lon="-150.82140"><ele>4854.9</ele><time>2026-08-08T00:18:00Z</time></trkpt>
  <trkpt lat="63.02532" lon="-150.82218"><ele>4857.6</ele><time>2026-08-08T00:18:01Z</time></trkpt>
  <trkpt lat="63.02508" lon="-150.82299"><ele>4858.8</ele><time>2026-08-08T00:18:02Z</time></trkpt>
  <trkpt lat="63.02486" lon="-150.82384"><ele>4859.4</ele><time>2026-08-08T00:18:03Z</time></trkpt>
  <trkpt lat="63.02466" lon="-150.82472"><ele>4860.6</ele><time>2026-08-08T00:18:04Z</time></trkpt>
  <trkpt lat="63.02449" lon="-150.82565"><ele>4863.7</ele><time>2026-08-08T00:18:05Z</time></trkpt>
  <trkpt lat="63.02434" lon="-150.82660"><ele>4868.6</ele><time>2026-08-08T00:18:06Z</time></trkpt>
  <trkpt lat="63.02422" lon="-150.82751"><ele>4873.8</ele><time>2026-08-08T00:18:07Z</time></trkpt>
  <trkpt lat="63.02412" lon="-150.82841"><ele>4878.3</ele><time>2026-08-08T00:18:08Z</time></trkpt>
  <trkpt lat="63.02403" lon="-150.82932"><ele>4881.7</ele><time>2026-08-08T00:18:09Z</time></trkpt>
  <trkpt lat="63.02394" lon="-150.83023"><ele>4884.4</ele><time>2026-08-08T00:18:10Z</time></trkpt>
  <trkpt lat="63.02386" lon="-150.83109"><ele>4886.2</ele><time>2026-08-08T00:18:11Z</time></trkpt>
  <trkpt lat="63.02379" lon="-150.83193"><ele>4887.8</ele><time>2026-08-08T00:18:12Z</time></trkpt>
  <trkpt lat="63.02371" lon="-150.83280"><ele>4889.6</ele><time>2026-08-08T00:18:13Z</time></trkpt>
  <trkpt lat="63.02363" lon="-150.83374"><ele>4891.7</ele><time>2026-08-08T00:18:14Z</time></trkpt>
  <trkpt lat="63.02354" lon="-150.83474"><ele>4894.5</ele><time>2026-08-08T00:18:15Z</time></trkpt>
  <trkpt lat="63.02344" lon="-150.83580"><ele>4898.1</ele><time>2026-08-08T00:18:16Z</time></trkpt>
  <trkpt lat="63.02333" lon="-150.83687"><ele>4902.4</ele><time>2026-08-08T00:18:17Z</time></trkpt>
  <trkpt lat="63.02323" lon="-150.83788"><ele>4907.3</ele><time>2026-08-08T00:18:18Z</time></trkpt>
  <trkpt lat="63.02313" lon="-150.83879"><ele>4912.5</ele><time>2026-08-08T00:18:19Z</time></trkpt>
  <trkpt lat="63.02303" lon="-150.83964"><ele>4918.3</ele><time>2026-08-08T00:18:20Z</time></trkpt>
  <trkpt lat="63.02293" lon="-150.84050"><ele>4924.7</ele><time>2026-08-08T00:18:21Z</time></trkpt>
  <trkpt lat="63.02283" lon="-150.84139"><ele>4931.4</ele><time>2026-08-08T00:18:22Z</time></trkpt>
  <trkpt lat="63.02272" lon="-150.84231"><ele>4938.4</ele><time>2026-08-08T00:18:23Z</time></trkpt>
  <trkpt lat="63.02261" lon="-150.84325"><ele>4946.0</ele><time>2026-08-08T00:18:24Z</time></trkpt>
  <trkpt lat="63.02249" lon="-150.84420"><ele>4953.6</ele><time>2026-08-08T00:18:25Z</time></trkpt>
  <trkpt lat="63.02238" lon="-150.84515"><ele>4961.2</ele><time>2026-08-08T00:18:26Z</time></trkpt>
  <trkpt lat="63.02226" lon="-150.84608"><ele>4968.8</ele><time>2026-08-08T00:18:27Z</time></trkpt>
  <trkpt lat="63.02215" lon="-150.84699"><ele>4976.5</ele><time>2026-08-08T00:18:28Z</time></trkpt>
  <trkpt lat="63.02205" lon="-150.84786"><ele>4983.5</ele><time>2026-08-08T00:18:29Z</time></trkpt>
  <trkpt lat="63.02195" lon="-150.84868"><ele>4990.2</ele><time>2026-08-08T00:18:30Z</time></trkpt>
  <trkpt lat="63.02185" lon="-150.84947"><ele>4996.6</ele><time>2026-08-08T00:18:31Z</time></trkpt>
  <trkpt lat="63.02175" lon="-150.85028"><ele>5002.7</ele><time>2026-08-08T00:18:32Z</time></trkpt>
  <trkpt lat="63.02165" lon="-150.85117"><ele>5008.8</ele><time>2026-08-08T00:18:33Z</time></trkpt>
  <trkpt lat="63.02153" lon="-150.85213"><ele>5014.3</ele><time>2026-08-08T00:18:34Z</time></trkpt>
  <trkpt lat="63.02142" lon="-150.85306"><ele>5018.8</ele><time>2026-08-08T00:18:35Z</time></trkpt>
  <trkpt lat="63.02132" lon="-150.85387"><ele>5022.8</ele><time>2026-08-08T00:18:36Z</time></trkpt>
  <trkpt lat="63.02123" lon="-150.85459"><ele>5025.8</ele><time>2026-08-08T00:18:37Z</time></trkpt>
  <trkpt lat="63.02114" lon="-150.85531"><ele>5028.6</ele><time>2026-08-08T00:18:38Z</time></trkpt>
  <trkpt lat="63.02102" lon="-150.85609"><ele>5031.0</ele><time>2026-08-08T00:18:39Z</time></trkpt>
  <trkpt lat="63.02089" lon="-150.85692"><ele>5033.2</ele><time>2026-08-08T00:18:40Z</time></trkpt>
  <trkpt lat="63.02075" lon="-150.85774"><ele>5034.7</ele><time>2026-08-08T00:18:41Z</time></trkpt>
  <trkpt lat="63.02060" lon="-150.85853"><ele>5035.9</ele><time>2026-08-08T00:18:42Z</time></trkpt>
  <trkpt lat="63.02043" lon="-150.85929"><ele>5037.1</ele><time>2026-08-08T00:18:43Z</time></trkpt>
  <trkpt lat="63.02025" lon="-150.86002"><ele>5038.3</ele><time>2026-08-08T00:18:44Z</time></trkpt>
  <trkpt lat="63.02007" lon="-150.86074"><ele>5039.9</ele><time>2026-08-08T00:18:45Z</time></trkpt>
  <trkpt lat="63.01989" lon="-150.86144"><ele>5041.4</ele><time>2026-08-08T00:18:46Z</time></trkpt>
  <trkpt lat="63.01968" lon="-150.86215"><ele>5042.9</ele><time>2026-08-08T00:18:47Z</time></trkpt>
  <trkpt lat="63.01946" lon="-150.86287"><ele>5043.8</ele><time>2026-08-08T00:18:48Z</time></trkpt>
  <trkpt lat="63.01922" lon="-150.86362"><ele>5044.7</ele><time>2026-08-08T00:18:49Z</time></trkpt>
  <trkpt lat="63.01896" lon="-150.86438"><ele>5046.0</ele><time>2026-08-08T00:18:50Z</time></trkpt>
  <trkpt lat="63.01870" lon="-150.86513"><ele>5047.5</ele><time>2026-08-08T00:18:51Z</time></trkpt>
  <trkpt lat="63.01842" lon="-150.86589"><ele>5049.3</ele><time>2026-08-08T00:18:52Z</time></trkpt>
  <trkpt lat="63.01814" lon="-150.86664"><ele>5051.8</ele><time>2026-08-08T00:18:53Z</time></trkpt>
  <trkpt lat="63.01786" lon="-150.86738"><ele>5054.5</ele><time>2026-08-08T00:18:54Z</time></trkpt>
  <trkpt lat="63.01758" lon="-150.86811"><ele>5057.5</ele><time>2026-08-08T00:18:55Z</time></trkpt>
  <trkpt lat="63.01731" lon="-150.86884"><ele>5060.6</ele><time>2026-08-08T00:18:56Z</time></trkpt>
  <trkpt lat="63.01705" lon="-150.86956"><ele>5063.6</ele><time>2026-08-08T00:18:57Z</time></trkpt>
  <trkpt lat="63.01680" lon="-150.87030"><ele>5066.7</ele><time>2026-08-08T00:18:58Z</time></trkpt>
  <trkpt lat="63.01656" lon="-150.87106"><ele>5069.4</ele><time>2026-08-08T00:18:59Z</time></trkpt>
  <trkpt lat="63.01634" lon="-150.87183"><ele>5071.6</ele><time>2026-08-08T00:19:00Z</time></trkpt>
  <trkpt lat="63.01614" lon="-150.87259"><ele>5073.1</ele><time>2026-08-08T00:19:01Z</time></trkpt>
  <trkpt lat="63.01596" lon="-150.87335"><ele>5074.3</ele><time>2026-08-08T00:19:02Z</time></trkpt>
  <trkpt lat="63.01578" lon="-150.87413"><ele>5075.5</ele><time>2026-08-08T00:19:03Z</time></trkpt>
  <trkpt lat="63.01561" lon="-150.87493"><ele>5076.4</ele><time>2026-08-08T00:19:04Z</time></trkpt>
  <trkpt lat="63.01546" lon="-150.87578"><ele>5078.0</ele><time>2026-08-08T00:19:05Z</time></trkpt>
  <trkpt lat="63.01533" lon="-150.87665"><ele>5079.8</ele><time>2026-08-08T00:19:06Z</time></trkpt>
  <trkpt lat="63.01520" lon="-150.87754"><ele>5081.0</ele><time>2026-08-08T00:19:07Z</time></trkpt>
  <trkpt lat="63.01510" lon="-150.87841"><ele>5082.2</ele><time>2026-08-08T00:19:08Z</time></trkpt>
  <trkpt lat="63.01501" lon="-150.87928"><ele>5083.1</ele><time>2026-08-08T00:19:09Z</time></trkpt>
  <trkpt lat="63.01494" lon="-150.88016"><ele>5084.4</ele><time>2026-08-08T00:19:10Z</time></trkpt>
  <trkpt lat="63.01489" lon="-150.88104"><ele>5086.5</ele><time>2026-08-08T00:19:11Z</time></trkpt>
  <trkpt lat="63.01485" lon="-150.88193"><ele>5088.9</ele><time>2026-08-08T00:19:12Z</time></trkpt>
  <trkpt lat="63.01483" lon="-150.88282"><ele>5091.7</ele><time>2026-08-08T00:19:13Z</time></trkpt>
  <trkpt lat="63.01483" lon="-150.88371"><ele>5094.1</ele><time>2026-08-08T00:19:14Z</time></trkpt>
  <trkpt lat="63.01484" lon="-150.88458"><ele>5096.0</ele><time>2026-08-08T00:19:15Z</time></trkpt>
  <trkpt lat="63.01487" lon="-150.88544"><ele>5097.8</ele><time>2026-08-08T00:19:16Z</time></trkpt>
  <trkpt lat="63.01491" lon="-150.88630"><ele>5099.6</ele><time>2026-08-08T00:19:17Z</time></trkpt>
  <trkpt lat="63.01497" lon="-150.88718"><ele>5102.4</ele><time>2026-08-08T00:19:18Z</time></trkpt>
  <trkpt lat="63.01504" lon="-150.88809"><ele>5105.4</ele><time>2026-08-08T00:19:19Z</time></trkpt>
  <trkpt lat="63.01512" lon="-150.88898"><ele>5108.8</ele><time>2026-08-08T00:19:20Z</time></trkpt>
  <trkpt lat="63.01523" lon="-150.88984"><ele>5111.2</ele><time>2026-08-08T00:19:21Z</time></trkpt>
  <trkpt lat="63.01534" lon="-150.89067"><ele>5112.7</ele><time>2026-08-08T00:19:22Z</time></trkpt>
  <trkpt lat="63.01547" lon="-150.89148"><ele>5113.9</ele><time>2026-08-08T00:19:23Z</time></trkpt>
  <trkpt lat="63.01561" lon="-150.89229"><ele>5115.5</ele><time>2026-08-08T00:19:24Z</time></trkpt>
  <trkpt lat="63.01577" lon="-150.89311"><ele>5117.3</ele><time>2026-08-08T00:19:25Z</time></trkpt>
  <trkpt lat="63.01594" lon="-150.89394"><ele>5120.0</ele><time>2026-08-08T00:19:26Z</time></trkpt>
  <trkpt lat="63.01612" lon="-150.89474"><ele>5123.7</ele><time>2026-08-08T00:19:27Z</time></trkpt>
  <trkpt lat="63.01630" lon="-150.89553"><ele>5128.0</ele><time>2026-08-08T00:19:28Z</time></trkpt>
  <trkpt lat="63.01649" lon="-150.89632"><ele>5132.5</ele><time>2026-08-08T00:19:29Z</time></trkpt>
  <trkpt lat="63.01670" lon="-150.89714"><ele>5137.4</ele><time>2026-08-08T00:19:30Z</time></trkpt>
  <trkpt lat="63.01690" lon="-150.89795"><ele>5142.0</ele><time>2026-08-08T00:19:31Z</time></trkpt>
  <trkpt lat="63.01709" lon="-150.89871"><ele>5146.2</ele><time>2026-08-08T00:19:32Z</time></trkpt>
  <trkpt lat="63.01726" lon="-150.89943"><ele>5150.2</ele><time>2026-08-08T00:19:33Z</time></trkpt>
  <trkpt lat="63.01745" lon="-150.90016"><ele>5154.2</ele><time>2026-08-08T00:19:34Z</time></trkpt>
  <trkpt lat="63.01764" lon="-150.90097"><ele>5158.7</ele><time>2026-08-08T00:19:35Z</time></trkpt>
  <trkpt lat="63.01786" lon="-150.90186"><ele>5163.6</ele><time>2026-08-08T00:19:36Z</time></trkpt>
  <trkpt lat="63.01809" lon="-150.90279"><ele>5169.4</ele><time>2026-08-08T00:19:37Z</time></trkpt>
  <trkpt lat="63.01831" lon="-150.90369"><ele>5175.5</ele><time>2026-08-08T00:19:38Z</time></trkpt>
  <trkpt lat="63.01851" lon="-150.90454"><ele>5181.6</ele><time>2026-08-08T00:19:39Z</time></trkpt>
  <trkpt lat="63.01871" lon="-150.90535"><ele>5188.0</ele><time>2026-08-08T00:19:40Z</time></trkpt>
  <trkpt lat="63.01891" lon="-150.90619"><ele>5194.7</ele><time>2026-08-08T00:19:41Z</time></trkpt>
  <trkpt lat="63.01912" lon="-150.90707"><ele>5201.7</ele><time>2026-08-08T00:19:42Z</time></trkpt>
  <trkpt lat="63.01934" lon="-150.90799"><ele>5209.0</ele><time>2026-08-08T00:19:43Z</time></trkpt>
  <trkpt lat="63.01956" lon="-150.90892"><ele>5216.7</ele><time>2026-08-08T00:19:44Z</time></trkpt>
  <trkpt lat="63.01979" lon="-150.90986"><ele>5224.3</ele><time>2026-08-08T00:19:45Z</time></trkpt>
  <trkpt lat="63.02001" lon="-150.91080"><ele>5231.9</ele><time>2026-08-08T00:19:46Z</time></trkpt>
  <trkpt lat="63.02023" lon="-150.91171"><ele>5239.2</ele><time>2026-08-08T00:19:47Z</time></trkpt>
  <trkpt lat="63.02044" lon="-150.91258"><ele>5246.2</ele><time>2026-08-08T00:19:48Z</time></trkpt>
  <trkpt lat="63.02064" lon="-150.91341"><ele>5252.9</ele><time>2026-08-08T00:19:49Z</time></trkpt>
  <trkpt lat="63.02084" lon="-150.91422"><ele>5259.6</ele><time>2026-08-08T00:19:50Z</time></trkpt>
  <trkpt lat="63.02104" lon="-150.91504"><ele>5266.0</ele><time>2026-08-08T00:19:51Z</time></trkpt>
  <trkpt lat="63.02126" lon="-150.91590"><ele>5272.1</ele><time>2026-08-08T00:19:52Z</time></trkpt>
  <trkpt lat="63.02147" lon="-150.91674"><ele>5278.2</ele><time>2026-08-08T00:19:53Z</time></trkpt>
  <trkpt lat="63.02167" lon="-150.91752"><ele>5283.7</ele><time>2026-08-08T00:19:54Z</time></trkpt>
  <trkpt lat="63.02186" lon="-150.91824"><ele>5288.6</ele><time>2026-08-08T00:19:55Z</time></trkpt>
  <trkpt lat="63.02206" lon="-150.91895"><ele>5293.2</ele><time>2026-08-08T00:19:56Z</time></trkpt>
  <trkpt lat="63.02226" lon="-150.91971"><ele>5297.4</ele><time>2026-08-08T00:19:57Z</time></trkpt>
  <trkpt lat="63.02248" lon="-150.92050"><ele>5301.7</ele><time>2026-08-08T00:19:58Z</time></trkpt>
  <trkpt lat="63.02270" lon="-150.92129"><ele>5305.7</ele><time>2026-08-08T00:19:59Z</time></trkpt>
  <trkpt lat="63.02291" lon="-150.92207"><ele>5309.3</ele><time>2026-08-08T00:20:00Z</time></trkpt>
  <trkpt lat="63.02313" lon="-150.92285"><ele>5313.3</ele><time>2026-08-08T00:20:01Z</time></trkpt>
  <trkpt lat="63.02336" lon="-150.92367"><ele>5316.9</ele><time>2026-08-08T00:20:02Z</time></trkpt>
  <trkpt lat="63.02360" lon="-150.92451"><ele>5320.3</ele><time>2026-08-08T00:20:03Z</time></trkpt>
  <trkpt lat="63.02384" lon="-150.92536"><ele>5323.9</ele><time>2026-08-08T00:20:04Z</time></trkpt>
  <trkpt lat="63.02408" lon="-150.92622"><ele>5327.3</ele><time>2026-08-08T00:20:05Z</time></trkpt>
  <trkpt lat="63.02433" lon="-150.92708"><ele>5330.6</ele><time>2026-08-08T00:20:06Z</time></trkpt>
  <trkpt lat="63.02457" lon="-150.92793"><ele>5334.0</ele><time>2026-08-08T00:20:07Z</time></trkpt>
  <trkpt lat="63.02480" lon="-150.92876"><ele>5337.0</ele><time>2026-08-08T00:20:08Z</time></trkpt>
  <trkpt lat="63.02504" lon="-150.92958"><ele>5339.8</ele><time>2026-08-08T00:20:09Z</time></trkpt>
  <trkpt lat="63.02527" lon="-150.93040"><ele>5342.2</ele><time>2026-08-08T00:20:10Z</time></trkpt>
  <trkpt lat="63.02551" lon="-150.93123"><ele>5344.7</ele><time>2026-08-08T00:20:11Z</time></trkpt>
  <trkpt lat="63.02574" lon="-150.93207"><ele>5346.8</ele><time>2026-08-08T00:20:12Z</time></trkpt>
  <trkpt lat="63.02598" lon="-150.93289"><ele>5348.9</ele><time>2026-08-08T00:20:13Z</time></trkpt>
  <trkpt lat="63.02621" lon="-150.93371"><ele>5350.5</ele><time>2026-08-08T00:20:14Z</time></trkpt>
  <trkpt lat="63.02644" lon="-150.93450"><ele>5352.0</ele><time>2026-08-08T00:20:15Z</time></trkpt>
  <trkpt lat="63.02667" lon="-150.93528"><ele>5353.2</ele><time>2026-08-08T00:20:16Z</time></trkpt>
  <trkpt lat="63.02689" lon="-150.93604"><ele>5354.4</ele><time>2026-08-08T00:20:17Z</time></trkpt>
  <trkpt lat="63.02711" lon="-150.93680"><ele>5355.6</ele><time>2026-08-08T00:20:18Z</time></trkpt>
  <trkpt lat="63.02734" lon="-150.93757"><ele>5356.3</ele><time>2026-08-08T00:20:19Z</time></trkpt>
  <trkpt lat="63.02758" lon="-150.93837"><ele>5357.2</ele><time>2026-08-08T00:20:20Z</time></trkpt>
  <trkpt lat="63.02784" lon="-150.93921"><ele>5357.5</ele><time>2026-08-08T00:20:21Z</time></trkpt>
  <trkpt lat="63.02810" lon="-150.94006"><ele>5357.8</ele><time>2026-08-08T00:20:22Z</time></trkpt>
  <trkpt lat="63.02836" lon="-150.94088"><ele>5358.1</ele><time>2026-08-08T00:20:23Z</time></trkpt>
  <trkpt lat="63.02861" lon="-150.94166"><ele>5357.8</ele><time>2026-08-08T00:20:24Z</time></trkpt>
  <trkpt lat="63.02884" lon="-150.94240"><ele>5357.5</ele><time>2026-08-08T00:20:25Z</time></trkpt>
  <trkpt lat="63.02906" lon="-150.94313"><ele>5356.9</ele><time>2026-08-08T00:20:26Z</time></trkpt>
  <trkpt lat="63.02927" lon="-150.94388"><ele>5355.9</ele><time>2026-08-08T00:20:27Z</time></trkpt>
  <trkpt lat="63.02947" lon="-150.94467"><ele>5354.1</ele><time>2026-08-08T00:20:28Z</time></trkpt>
  <trkpt lat="63.02964" lon="-150.94547"><ele>5351.4</ele><time>2026-08-08T00:20:29Z</time></trkpt>
  <trkpt lat="63.02980" lon="-150.94626"><ele>5347.7</ele><time>2026-08-08T00:20:30Z</time></trkpt>
  <trkpt lat="63.02994" lon="-150.94708"><ele>5343.4</ele><time>2026-08-08T00:20:31Z</time></trkpt>
  <trkpt lat="63.03008" lon="-150.94794"><ele>5338.6</ele><time>2026-08-08T00:20:32Z</time></trkpt>
  <trkpt lat="63.03020" lon="-150.94880"><ele>5334.3</ele><time>2026-08-08T00:20:33Z</time></trkpt>
  <trkpt lat="63.03031" lon="-150.94966"><ele>5330.0</ele><time>2026-08-08T00:20:34Z</time></trkpt>
  <trkpt lat="63.03041" lon="-150.95054"><ele>5325.8</ele><time>2026-08-08T00:20:35Z</time></trkpt>
  <trkpt lat="63.03048" lon="-150.95145"><ele>5321.2</ele><time>2026-08-08T00:20:36Z</time></trkpt>
  <trkpt lat="63.03053" lon="-150.95239"><ele>5316.6</ele><time>2026-08-08T00:20:37Z</time></trkpt>
  <trkpt lat="63.03056" lon="-150.95335"><ele>5312.1</ele><time>2026-08-08T00:20:38Z</time></trkpt>
  <trkpt lat="63.03057" lon="-150.95430"><ele>5308.4</ele><time>2026-08-08T00:20:39Z</time></trkpt>
  <trkpt lat="63.03056" lon="-150.95523"><ele>5306.0</ele><time>2026-08-08T00:20:40Z</time></trkpt>
  <trkpt lat="63.03053" lon="-150.95613"><ele>5304.1</ele><time>2026-08-08T00:20:41Z</time></trkpt>
  <trkpt lat="63.03048" lon="-150.95704"><ele>5302.3</ele><time>2026-08-08T00:20:42Z</time></trkpt>
  <trkpt lat="63.03041" lon="-150.95796"><ele>5300.8</ele><time>2026-08-08T00:20:43Z</time></trkpt>
  <trkpt lat="63.03031" lon="-150.95890"><ele>5299.6</ele><time>2026-08-08T00:20:44Z</time></trkpt>
  <trkpt lat="63.03021" lon="-150.95980"><ele>5298.6</ele><time>2026-08-08T00:20:45Z</time></trkpt>
  <trkpt lat="63.03009" lon="-150.96064"><ele>5298.6</ele><time>2026-08-08T00:20:46Z</time></trkpt>
  <trkpt lat="63.02995" lon="-150.96144"><ele>5300.5</ele><time>2026-08-08T00:20:47Z</time></trkpt>
  <trkpt lat="63.02979" lon="-150.96228"><ele>5303.5</ele><time>2026-08-08T00:20:48Z</time></trkpt>
  <trkpt lat="63.02961" lon="-150.96318"><ele>5306.9</ele><time>2026-08-08T00:20:49Z</time></trkpt>
  <trkpt lat="63.02942" lon="-150.96410"><ele>5310.2</ele><time>2026-08-08T00:20:50Z</time></trkpt>
  <trkpt lat="63.02921" lon="-150.96500"><ele>5313.0</ele><time>2026-08-08T00:20:51Z</time></trkpt>
  <trkpt lat="63.02901" lon="-150.96588"><ele>5314.8</ele><time>2026-08-08T00:20:52Z</time></trkpt>
  <trkpt lat="63.02882" lon="-150.96672"><ele>5316.3</ele><time>2026-08-08T00:20:53Z</time></trkpt>
  <trkpt lat="63.02864" lon="-150.96750"><ele>5317.8</ele><time>2026-08-08T00:20:54Z</time></trkpt>
  <trkpt lat="63.02850" lon="-150.96821"><ele>5319.1</ele><time>2026-08-08T00:20:55Z</time></trkpt>
  <trkpt lat="63.02838" lon="-150.96894"><ele>5320.9</ele><time>2026-08-08T00:20:56Z</time></trkpt>
  <trkpt lat="63.02827" lon="-150.96972"><ele>5323.0</ele><time>2026-08-08T00:20:57Z</time></trkpt>
  <trkpt lat="63.02817" lon="-150.97055"><ele>5325.5</ele><time>2026-08-08T00:20:58Z</time></trkpt>
  <trkpt lat="63.02809" lon="-150.97139"><ele>5328.2</ele><time>2026-08-08T00:20:59Z</time></trkpt>
  <trkpt lat="63.02804" lon="-150.97223"><ele>5331.0</ele><time>2026-08-08T00:21:00Z</time></trkpt>
  <trkpt lat="63.02802" lon="-150.97305"><ele>5333.1</ele><time>2026-08-08T00:21:01Z</time></trkpt>
  <trkpt lat="63.02803" lon="-150.97386"><ele>5335.2</ele><time>2026-08-08T00:21:02Z</time></trkpt>
  <trkpt lat="63.02806" lon="-150.97466"><ele>5337.7</ele><time>2026-08-08T00:21:03Z</time></trkpt>
  <trkpt lat="63.02813" lon="-150.97544"><ele>5340.4</ele><time>2026-08-08T00:21:04Z</time></trkpt>
  <trkpt lat="63.02822" lon="-150.97622"><ele>5343.4</ele><time>2026-08-08T00:21:05Z</time></trkpt>
  <trkpt lat="63.02833" lon="-150.97701"><ele>5345.9</ele><time>2026-08-08T00:21:06Z</time></trkpt>
  <trkpt lat="63.02846" lon="-150.97779"><ele>5348.0</ele><time>2026-08-08T00:21:07Z</time></trkpt>
  <trkpt lat="63.02862" lon="-150.97854"><ele>5349.5</ele><time>2026-08-08T00:21:08Z</time></trkpt>
  <trkpt lat="63.02880" lon="-150.97925"><ele>5351.4</ele><time>2026-08-08T00:21:09Z</time></trkpt>
  <trkpt lat="63.02901" lon="-150.97992"><ele>5353.8</ele><time>2026-08-08T00:21:10Z</time></trkpt>
  <trkpt lat="63.02924" lon="-150.98055"><ele>5356.9</ele><time>2026-08-08T00:21:11Z</time></trkpt>
  <trkpt lat="63.02950" lon="-150.98117"><ele>5360.2</ele><time>2026-08-08T00:21:12Z</time></trkpt>
  <trkpt lat="63.02979" lon="-150.98177"><ele>5364.2</ele><time>2026-08-08T00:21:13Z</time></trkpt>
  <trkpt lat="63.03011" lon="-150.98234"><ele>5368.4</ele><time>2026-08-08T00:21:14Z</time></trkpt>
  <trkpt lat="63.03044" lon="-150.98285"><ele>5373.0</ele><time>2026-08-08T00:21:15Z</time></trkpt>
  <trkpt lat="63.03077" lon="-150.98330"><ele>5377.6</ele><time>2026-08-08T00:21:16Z</time></trkpt>
  <trkpt lat="63.03110" lon="-150.98370"><ele>5381.9</ele><time>2026-08-08T00:21:17Z</time></trkpt>
  <trkpt lat="63.03144" lon="-150.98406"><ele>5385.5</ele><time>2026-08-08T00:21:18Z</time></trkpt>
  <trkpt lat="63.03181" lon="-150.98436"><ele>5389.2</ele><time>2026-08-08T00:21:19Z</time></trkpt>
  <trkpt lat="63.03220" lon="-150.98461"><ele>5393.7</ele><time>2026-08-08T00:21:20Z</time></trkpt>
  <trkpt lat="63.03263" lon="-150.98480"><ele>5399.5</ele><time>2026-08-08T00:21:21Z</time></trkpt>
  <trkpt lat="63.03309" lon="-150.98494"><ele>5405.9</ele><time>2026-08-08T00:21:22Z</time></trkpt>
  <trkpt lat="63.03354" lon="-150.98503"><ele>5412.3</ele><time>2026-08-08T00:21:23Z</time></trkpt>
  <trkpt lat="63.03400" lon="-150.98505"><ele>5417.8</ele><time>2026-08-08T00:21:24Z</time></trkpt>
  <trkpt lat="63.03445" lon="-150.98498"><ele>5422.4</ele><time>2026-08-08T00:21:25Z</time></trkpt>
  <trkpt lat="63.03491" lon="-150.98483"><ele>5426.0</ele><time>2026-08-08T00:21:26Z</time></trkpt>
  <trkpt lat="63.03537" lon="-150.98459"><ele>5429.7</ele><time>2026-08-08T00:21:27Z</time></trkpt>
  <trkpt lat="63.03583" lon="-150.98430"><ele>5433.1</ele><time>2026-08-08T00:21:28Z</time></trkpt>
  <trkpt lat="63.03629" lon="-150.98394"><ele>5436.4</ele><time>2026-08-08T00:21:29Z</time></trkpt>
  <trkpt lat="63.03676" lon="-150.98348"><ele>5438.9</ele><time>2026-08-08T00:21:30Z</time></trkpt>
  <trkpt lat="63.03723" lon="-150.98294"><ele>5441.0</ele><time>2026-08-08T00:21:31Z</time></trkpt>
  <trkpt lat="63.03770" lon="-150.98234"><ele>5443.1</ele><time>2026-08-08T00:21:32Z</time></trkpt>
  <trkpt lat="63.03815" lon="-150.98166"><ele>5445.6</ele><time>2026-08-08T00:21:33Z</time></trkpt>
  <trkpt lat="63.03858" lon="-150.98087"><ele>5447.7</ele><time>2026-08-08T00:21:34Z</time></trkpt>
  <trkpt lat="63.03899" lon="-150.97999"><ele>5449.8</ele><time>2026-08-08T00:21:35Z</time></trkpt>
  <trkpt lat="63.03940" lon="-150.97903"><ele>5452.0</ele><time>2026-08-08T00:21:36Z</time></trkpt>
  <trkpt lat="63.03981" lon="-150.97803"><ele>5453.5</ele><time>2026-08-08T00:21:37Z</time></trkpt>
  <trkpt lat="63.04019" lon="-150.97699"><ele>5454.4</ele><time>2026-08-08T00:21:38Z</time></trkpt>
  <trkpt lat="63.04055" lon="-150.97589"><ele>5455.3</ele><time>2026-08-08T00:21:39Z</time></trkpt>
  <trkpt lat="63.04087" lon="-150.97472"><ele>5455.9</ele><time>2026-08-08T00:21:40Z</time></trkpt>
  <trkpt lat="63.04115" lon="-150.97349"><ele>5456.2</ele><time>2026-08-08T00:21:41Z</time></trkpt>
  <trkpt lat="63.04139" lon="-150.97221"><ele>5456.8</ele><time>2026-08-08T00:21:42Z</time></trkpt>
  <trkpt lat="63.04161" lon="-150.97088"><ele>5458.1</ele><time>2026-08-08T00:21:43Z</time></trkpt>
  <trkpt lat="63.04178" lon="-150.96946"><ele>5459.9</ele><time>2026-08-08T00:21:44Z</time></trkpt>
  <trkpt lat="63.04191" lon="-150.96803"><ele>5461.4</ele><time>2026-08-08T00:21:45Z</time></trkpt>
  <trkpt lat="63.04200" lon="-150.96661"><ele>5462.6</ele><time>2026-08-08T00:21:46Z</time></trkpt>
  <trkpt lat="63.04204" lon="-150.96520"><ele>5463.2</ele><time>2026-08-08T00:21:47Z</time></trkpt>
  <trkpt lat="63.04203" lon="-150.96378"><ele>5463.5</ele><time>2026-08-08T00:21:48Z</time></trkpt>
  <trkpt lat="63.04197" lon="-150.96234"><ele>5463.2</ele><time>2026-08-08T00:21:49Z</time></trkpt>
  <trkpt lat="63.04186" lon="-150.96089"><ele>5462.9</ele><time>2026-08-08T00:21:50Z</time></trkpt>
  <trkpt lat="63.04171" lon="-150.95946"><ele>5461.7</ele><time>2026-08-08T00:21:51Z</time></trkpt>
  <trkpt lat="63.04152" lon="-150.95809"><ele>5459.6</ele><time>2026-08-08T00:21:52Z</time></trkpt>
  <trkpt lat="63.04130" lon="-150.95680"><ele>5456.8</ele><time>2026-08-08T00:21:53Z</time></trkpt>
  <trkpt lat="63.04105" lon="-150.95558"><ele>5453.8</ele><time>2026-08-08T00:21:54Z</time></trkpt>
  <trkpt lat="63.04074" lon="-150.95439"><ele>5451.0</ele><time>2026-08-08T00:21:55Z</time></trkpt>
  <trkpt lat="63.04038" lon="-150.95319"><ele>5448.3</ele><time>2026-08-08T00:21:56Z</time></trkpt>
  <trkpt lat="63.03996" lon="-150.95198"><ele>5445.6</ele><time>2026-08-08T00:21:57Z</time></trkpt>
  <trkpt lat="63.03949" lon="-150.95082"><ele>5442.8</ele><time>2026-08-08T00:21:58Z</time></trkpt>
  <trkpt lat="63.03899" lon="-150.94976"><ele>5439.5</ele><time>2026-08-08T00:21:59Z</time></trkpt>
  <trkpt lat="63.03847" lon="-150.94884"><ele>5435.8</ele><time>2026-08-08T00:22:00Z</time></trkpt>
  <trkpt lat="63.03795" lon="-150.94807"><ele>5431.8</ele><time>2026-08-08T00:22:01Z</time></trkpt>
  <trkpt lat="63.03741" lon="-150.94742"><ele>5427.9</ele><time>2026-08-08T00:22:02Z</time></trkpt>
  <trkpt lat="63.03686" lon="-150.94688"><ele>5423.6</ele><time>2026-08-08T00:22:03Z</time></trkpt>
  <trkpt lat="63.03630" lon="-150.94643"><ele>5418.7</ele><time>2026-08-08T00:22:04Z</time></trkpt>
  <trkpt lat="63.03574" lon="-150.94606"><ele>5413.9</ele><time>2026-08-08T00:22:05Z</time></trkpt>
  <trkpt lat="63.03517" lon="-150.94579"><ele>5409.3</ele><time>2026-08-08T00:22:06Z</time></trkpt>
  <trkpt lat="63.03460" lon="-150.94564"><ele>5405.3</ele><time>2026-08-08T00:22:07Z</time></trkpt>
  <trkpt lat="63.03403" lon="-150.94559"><ele>5402.3</ele><time>2026-08-08T00:22:08Z</time></trkpt>
  <trkpt lat="63.03348" lon="-150.94564"><ele>5399.8</ele><time>2026-08-08T00:22:09Z</time></trkpt>
  <trkpt lat="63.03295" lon="-150.94579"><ele>5398.0</ele><time>2026-08-08T00:22:10Z</time></trkpt>
  <trkpt lat="63.03246" lon="-150.94601"><ele>5396.5</ele><time>2026-08-08T00:22:11Z</time></trkpt>
  <trkpt lat="63.03198" lon="-150.94630"><ele>5395.6</ele><time>2026-08-08T00:22:12Z</time></trkpt>
  <trkpt lat="63.03153" lon="-150.94667"><ele>5395.0</ele><time>2026-08-08T00:22:13Z</time></trkpt>
  <trkpt lat="63.03109" lon="-150.94712"><ele>5395.0</ele><time>2026-08-08T00:22:14Z</time></trkpt>
  <trkpt lat="63.03066" lon="-150.94765"><ele>5394.4</ele><time>2026-08-08T00:22:15Z</time></trkpt>
  <trkpt lat="63.03026" lon="-150.94823"><ele>5393.4</ele><time>2026-08-08T00:22:16Z</time></trkpt>
  <trkpt lat="63.02988" lon="-150.94886"><ele>5391.6</ele><time>2026-08-08T00:22:17Z</time></trkpt>
  <trkpt lat="63.02954" lon="-150.94952"><ele>5389.5</ele><time>2026-08-08T00:22:18Z</time></trkpt>
  <trkpt lat="63.02923" lon="-150.95022"><ele>5386.7</ele><time>2026-08-08T00:22:19Z</time></trkpt>
  <trkpt lat="63.02896" lon="-150.95096"><ele>5383.4</ele><time>2026-08-08T00:22:20Z</time></trkpt>
  <trkpt lat="63.02872" lon="-150.95173"><ele>5380.3</ele><time>2026-08-08T00:22:21Z</time></trkpt>
  <trkpt lat="63.02852" lon="-150.95253"><ele>5378.2</ele><time>2026-08-08T00:22:22Z</time></trkpt>
  <trkpt lat="63.02834" lon="-150.95335"><ele>5377.0</ele><time>2026-08-08T00:22:23Z</time></trkpt>
  <trkpt lat="63.02818" lon="-150.95417"><ele>5376.4</ele><time>2026-08-08T00:22:24Z</time></trkpt>
  <trkpt lat="63.02804" lon="-150.95501"><ele>5375.5</ele><time>2026-08-08T00:22:25Z</time></trkpt>
  <trkpt lat="63.02793" lon="-150.95586"><ele>5374.2</ele><time>2026-08-08T00:22:26Z</time></trkpt>
  <trkpt lat="63.02783" lon="-150.95673"><ele>5373.3</ele><time>2026-08-08T00:22:27Z</time></trkpt>
  <trkpt lat="63.02774" lon="-150.95759"><ele>5372.4</ele><time>2026-08-08T00:22:28Z</time></trkpt>
  <trkpt lat="63.02768" lon="-150.95841"><ele>5372.1</ele><time>2026-08-08T00:22:29Z</time></trkpt>
  <trkpt lat="63.02764" lon="-150.95920"><ele>5371.8</ele><time>2026-08-08T00:22:30Z</time></trkpt>
  <trkpt lat="63.02761" lon="-150.96003"><ele>5372.1</ele><time>2026-08-08T00:22:31Z</time></trkpt>
  <trkpt lat="63.02759" lon="-150.96090"><ele>5372.1</ele><time>2026-08-08T00:22:32Z</time></trkpt>
  <trkpt lat="63.02757" lon="-150.96173"><ele>5372.4</ele><time>2026-08-08T00:22:33Z</time></trkpt>
  <trkpt lat="63.02755" lon="-150.96251"><ele>5372.7</ele><time>2026-08-08T00:22:34Z</time></trkpt>
  <trkpt lat="63.02753" lon="-150.96329"><ele>5373.3</ele><time>2026-08-08T00:22:35Z</time></trkpt>
  <trkpt lat="63.02751" lon="-150.96413"><ele>5373.6</ele><time>2026-08-08T00:22:36Z</time></trkpt>
  <trkpt lat="63.02749" lon="-150.96502"><ele>5374.2</ele><time>2026-08-08T00:22:37Z</time></trkpt>
  <trkpt lat="63.02746" lon="-150.96595"><ele>5374.8</ele><time>2026-08-08T00:22:38Z</time></trkpt>
  <trkpt lat="63.02744" lon="-150.96689"><ele>5375.5</ele><time>2026-08-08T00:22:39Z</time></trkpt>
  <trkpt lat="63.02742" lon="-150.96782"><ele>5376.4</ele><time>2026-08-08T00:22:40Z</time></trkpt>
  <trkpt lat="63.02740" lon="-150.96874"><ele>5377.3</ele><time>2026-08-08T00:22:41Z</time></trkpt>
  <trkpt lat="63.02738" lon="-150.96964"><ele>5378.2</ele><time>2026-08-08T00:22:42Z</time></trkpt>
  <trkpt lat="63.02736" lon="-150.97052"><ele>5379.7</ele><time>2026-08-08T00:22:43Z</time></trkpt>
  <trkpt lat="63.02735" lon="-150.97141"><ele>5381.2</ele><time>2026-08-08T00:22:44Z</time></trkpt>
  <trkpt lat="63.02733" lon="-150.97231"><ele>5383.1</ele><time>2026-08-08T00:22:45Z</time></trkpt>
  <trkpt lat="63.02732" lon="-150.97322"><ele>5385.2</ele><time>2026-08-08T00:22:46Z</time></trkpt>
  <trkpt lat="63.02731" lon="-150.97413"><ele>5387.6</ele><time>2026-08-08T00:22:47Z</time></trkpt>
  <trkpt lat="63.02731" lon="-150.97502"><ele>5390.1</ele><time>2026-08-08T00:22:48Z</time></trkpt>
  <trkpt lat="63.02730" lon="-150.97588"><ele>5392.8</ele><time>2026-08-08T00:22:49Z</time></trkpt>
  <trkpt lat="63.02729" lon="-150.97670"><ele>5395.3</ele><time>2026-08-08T00:22:50Z</time></trkpt>
  <trkpt lat="63.02729" lon="-150.97750"><ele>5397.7</ele><time>2026-08-08T00:22:51Z</time></trkpt>
  <trkpt lat="63.02729" lon="-150.97828"><ele>5400.4</ele><time>2026-08-08T00:22:52Z</time></trkpt>
  <trkpt lat="63.02728" lon="-150.97910"><ele>5402.9</ele><time>2026-08-08T00:22:53Z</time></trkpt>
  <trkpt lat="63.02728" lon="-150.97997"><ele>5405.6</ele><time>2026-08-08T00:22:54Z</time></trkpt>
  <trkpt lat="63.02728" lon="-150.98084"><ele>5408.4</ele><time>2026-08-08T00:22:55Z</time></trkpt>
  <trkpt lat="63.02729" lon="-150.98166"><ele>5411.1</ele><time>2026-08-08T00:22:56Z</time></trkpt>
  <trkpt lat="63.02729" lon="-150.98242"><ele>5413.9</ele><time>2026-08-08T00:22:57Z</time></trkpt>
  <trkpt lat="63.02731" lon="-150.98319"><ele>5416.9</ele><time>2026-08-08T00:22:58Z</time></trkpt>
  <trkpt lat="63.02733" lon="-150.98398"><ele>5420.3</ele><time>2026-08-08T00:22:59Z</time></trkpt>
  <trkpt lat="63.02735" lon="-150.98480"><ele>5423.9</ele><time>2026-08-08T00:23:00Z</time></trkpt>
  <trkpt lat="63.02739" lon="-150.98562"><ele>5427.3</ele><time>2026-08-08T00:23:01Z</time></trkpt>
  <trkpt lat="63.02743" lon="-150.98643"><ele>5430.9</ele><time>2026-08-08T00:23:02Z</time></trkpt>
  <trkpt lat="63.02748" lon="-150.98722"><ele>5434.0</ele><time>2026-08-08T00:23:03Z</time></trkpt>
  <trkpt lat="63.02754" lon="-150.98801"><ele>5436.7</ele><time>2026-08-08T00:23:04Z</time></trkpt>
  <trkpt lat="63.02762" lon="-150.98878"><ele>5438.5</ele><time>2026-08-08T00:23:05Z</time></trkpt>
  <trkpt lat="63.02770" lon="-150.98956"><ele>5439.5</ele><time>2026-08-08T00:23:06Z</time></trkpt>
  <trkpt lat="63.02780" lon="-150.99033"><ele>5440.1</ele><time>2026-08-08T00:23:07Z</time></trkpt>
  <trkpt lat="63.02791" lon="-150.99111"><ele>5441.0</ele><time>2026-08-08T00:23:08Z</time></trkpt>
  <trkpt lat="63.02803" lon="-150.99188"><ele>5442.8</ele><time>2026-08-08T00:23:09Z</time></trkpt>
  <trkpt lat="63.02815" lon="-150.99266"><ele>5445.9</ele><time>2026-08-08T00:23:10Z</time></trkpt>
  <trkpt lat="63.02827" lon="-150.99343"><ele>5449.8</ele><time>2026-08-08T00:23:11Z</time></trkpt>
  <trkpt lat="63.02840" lon="-150.99421"><ele>5454.7</ele><time>2026-08-08T00:23:12Z</time></trkpt>
  <trkpt lat="63.02853" lon="-150.99500"><ele>5459.6</ele><time>2026-08-08T00:23:13Z</time></trkpt>
  <trkpt lat="63.02867" lon="-150.99581"><ele>5464.1</ele><time>2026-08-08T00:23:14Z</time></trkpt>
  <trkpt lat="63.02881" lon="-150.99662"><ele>5468.1</ele><time>2026-08-08T00:23:15Z</time></trkpt>
  <trkpt lat="63.02894" lon="-150.99745"><ele>5471.5</ele><time>2026-08-08T00:23:16Z</time></trkpt>
  <trkpt lat="63.02908" lon="-150.99826"><ele>5474.5</ele><time>2026-08-08T00:23:17Z</time></trkpt>
  <trkpt lat="63.02920" lon="-150.99904"><ele>5477.3</ele><time>2026-08-08T00:23:18Z</time></trkpt>
  <trkpt lat="63.02930" lon="-150.99980"><ele>5479.7</ele><time>2026-08-08T00:23:19Z</time></trkpt>
  <trkpt lat="63.02938" lon="-151.00055"><ele>5482.4</ele><time>2026-08-08T00:23:20Z</time></trkpt>
  <trkpt lat="63.02947" lon="-151.00131"><ele>5485.2</ele><time>2026-08-08T00:23:21Z</time></trkpt>
  <trkpt lat="63.02955" lon="-151.00210"><ele>5488.5</ele><time>2026-08-08T00:23:22Z</time></trkpt>
  <trkpt lat="63.02965" lon="-151.00290"><ele>5492.5</ele><time>2026-08-08T00:23:23Z</time></trkpt>
  <trkpt lat="63.02974" lon="-151.00373"><ele>5496.8</ele><time>2026-08-08T00:23:24Z</time></trkpt>
  <trkpt lat="63.02984" lon="-151.00459"><ele>5501.6</ele><time>2026-08-08T00:23:25Z</time></trkpt>
  <trkpt lat="63.02995" lon="-151.00546"><ele>5506.2</ele><time>2026-08-08T00:23:26Z</time></trkpt>
  <trkpt lat="63.03006" lon="-151.00633"><ele>5510.8</ele><time>2026-08-08T00:23:27Z</time></trkpt>
  <trkpt lat="63.03017" lon="-151.00719"><ele>5515.1</ele><time>2026-08-08T00:23:28Z</time></trkpt>
  <trkpt lat="63.03029" lon="-151.00804"><ele>5518.7</ele><time>2026-08-08T00:23:29Z</time></trkpt>
  <trkpt lat="63.03041" lon="-151.00889"><ele>5522.1</ele><time>2026-08-08T00:23:30Z</time></trkpt>
  <trkpt lat="63.03053" lon="-151.00971"><ele>5525.1</ele><time>2026-08-08T00:23:31Z</time></trkpt>
  <trkpt lat="63.03065" lon="-151.01050"><ele>5528.2</ele><time>2026-08-08T00:23:32Z</time></trkpt>
  <trkpt lat="63.03077" lon="-151.01127"><ele>5531.5</ele><time>2026-08-08T00:23:33Z</time></trkpt>
  <trkpt lat="63.03090" lon="-151.01203"><ele>5535.2</ele><time>2026-08-08T00:23:34Z</time></trkpt>
  <trkpt lat="63.03105" lon="-151.01279"><ele>5539.7</ele><time>2026-08-08T00:23:35Z</time></trkpt>
  <trkpt lat="63.03120" lon="-151.01356"><ele>5544.3</ele><time>2026-08-08T00:23:36Z</time></trkpt>
  <trkpt lat="63.03137" lon="-151.01434"><ele>5549.2</ele><time>2026-08-08T00:23:37Z</time></trkpt>
  <trkpt lat="63.03156" lon="-151.01514"><ele>5553.8</ele><time>2026-08-08T00:23:38Z</time></trkpt>
  <trkpt lat="63.03175" lon="-151.01593"><ele>5558.3</ele><time>2026-08-08T00:23:39Z</time></trkpt>
  <trkpt lat="63.03195" lon="-151.01669"><ele>5563.2</ele><time>2026-08-08T00:23:40Z</time></trkpt>
  <trkpt lat="63.03215" lon="-151.01741"><ele>5567.8</ele><time>2026-08-08T00:23:41Z</time></trkpt>
  <trkpt lat="63.03236" lon="-151.01810"><ele>5572.4</ele><time>2026-08-08T00:23:42Z</time></trkpt>
  <trkpt lat="63.03258" lon="-151.01877"><ele>5576.3</ele><time>2026-08-08T00:23:43Z</time></trkpt>
  <trkpt lat="63.03282" lon="-151.01945"><ele>5580.0</ele><time>2026-08-08T00:23:44Z</time></trkpt>
  <trkpt lat="63.03307" lon="-151.02013"><ele>5583.9</ele><time>2026-08-08T00:23:45Z</time></trkpt>
  <trkpt lat="63.03333" lon="-151.02080"><ele>5588.5</ele><time>2026-08-08T00:23:46Z</time></trkpt>
  <trkpt lat="63.03360" lon="-151.02145"><ele>5594.6</ele><time>2026-08-08T00:23:47Z</time></trkpt>
  <trkpt lat="63.03387" lon="-151.02207"><ele>5601.3</ele><time>2026-08-08T00:23:48Z</time></trkpt>
  <trkpt lat="63.03416" lon="-151.02267"><ele>5607.4</ele><time>2026-08-08T00:23:49Z</time></trkpt>
  <trkpt lat="63.03445" lon="-151.02324"><ele>5612.3</ele><time>2026-08-08T00:23:50Z</time></trkpt>
  <trkpt lat="63.03476" lon="-151.02380"><ele>5615.3</ele><time>2026-08-08T00:23:51Z</time></trkpt>
  <trkpt lat="63.03508" lon="-151.02434"><ele>5617.2</ele><time>2026-08-08T00:23:52Z</time></trkpt>
  <trkpt lat="63.03540" lon="-151.02487"><ele>5619.3</ele><time>2026-08-08T00:23:53Z</time></trkpt>
  <trkpt lat="63.03572" lon="-151.02539"><ele>5621.7</ele><time>2026-08-08T00:23:54Z</time></trkpt>
  <trkpt lat="63.03605" lon="-151.02590"><ele>5625.4</ele><time>2026-08-08T00:23:55Z</time></trkpt>
  <trkpt lat="63.03639" lon="-151.02640"><ele>5629.0</ele><time>2026-08-08T00:23:56Z</time></trkpt>
  <trkpt lat="63.03675" lon="-151.02689"><ele>5632.7</ele><time>2026-08-08T00:23:57Z</time></trkpt>
  <trkpt lat="63.03712" lon="-151.02736"><ele>5636.4</ele><time>2026-08-08T00:23:58Z</time></trkpt>
  <trkpt lat="63.03751" lon="-151.02782"><ele>5639.7</ele><time>2026-08-08T00:23:59Z</time></trkpt>
  <trkpt lat="63.03790" lon="-151.02829"><ele>5642.5</ele><time>2026-08-08T00:24:00Z</time></trkpt>
  <trkpt lat="63.03829" lon="-151.02877"><ele>5645.2</ele><time>2026-08-08T00:24:01Z</time></trkpt>
  <trkpt lat="63.03867" lon="-151.02926"><ele>5647.0</ele><time>2026-08-08T00:24:02Z</time></trkpt>
  <trkpt lat="63.03905" lon="-151.02975"><ele>5648.9</ele><time>2026-08-08T00:24:03Z</time></trkpt>
  <trkpt lat="63.03942" lon="-151.03024"><ele>5650.7</ele><time>2026-08-08T00:24:04Z</time></trkpt>
  <trkpt lat="63.03978" lon="-151.03073"><ele>5653.1</ele><time>2026-08-08T00:24:05Z</time></trkpt>
  <trkpt lat="63.04013" lon="-151.03122"><ele>5656.8</ele><time>2026-08-08T00:24:06Z</time></trkpt>
  <trkpt lat="63.04048" lon="-151.03173"><ele>5662.0</ele><time>2026-08-08T00:24:07Z</time></trkpt>
  <trkpt lat="63.04081" lon="-151.03226"><ele>5667.8</ele><time>2026-08-08T00:24:08Z</time></trkpt>
  <trkpt lat="63.04113" lon="-151.03280"><ele>5673.9</ele><time>2026-08-08T00:24:09Z</time></trkpt>
  <trkpt lat="63.04143" lon="-151.03335"><ele>5679.3</ele><time>2026-08-08T00:24:10Z</time></trkpt>
  <trkpt lat="63.04173" lon="-151.03393"><ele>5683.9</ele><time>2026-08-08T00:24:11Z</time></trkpt>
  <trkpt lat="63.04203" lon="-151.03455"><ele>5687.6</ele><time>2026-08-08T00:24:12Z</time></trkpt>
  <trkpt lat="63.04235" lon="-151.03518"><ele>5690.3</ele><time>2026-08-08T00:24:13Z</time></trkpt>
  <trkpt lat="63.04268" lon="-151.03583"><ele>5692.4</ele><time>2026-08-08T00:24:14Z</time></trkpt>
  <trkpt lat="63.04301" lon="-151.03650"><ele>5694.3</ele><time>2026-08-08T00:24:15Z</time></trkpt>
  <trkpt lat="63.04336" lon="-151.03717"><ele>5695.8</ele><time>2026-08-08T00:24:16Z</time></trkpt>
  <trkpt lat="63.04370" lon="-151.03783"><ele>5697.3</ele><time>2026-08-08T00:24:17Z</time></trkpt>
  <trkpt lat="63.04403" lon="-151.03847"><ele>5699.2</ele><time>2026-08-08T00:24:18Z</time></trkpt>
  <trkpt lat="63.04435" lon="-151.03908"><ele>5701.9</ele><time>2026-08-08T00:24:19Z</time></trkpt>
  <trkpt lat="63.04466" lon="-151.03965"><ele>5705.6</ele><time>2026-08-08T00:24:20Z</time></trkpt>
  <trkpt lat="63.04498" lon="-151.04018"><ele>5709.8</ele><time>2026-08-08T00:24:21Z</time></trkpt>
  <trkpt lat="63.04531" lon="-151.04068"><ele>5714.7</ele><time>2026-08-08T00:24:22Z</time></trkpt>
  <trkpt lat="63.04567" lon="-151.04118"><ele>5719.9</ele><time>2026-08-08T00:24:23Z</time></trkpt>
  <trkpt lat="63.04607" lon="-151.04168"><ele>5724.8</ele><time>2026-08-08T00:24:24Z</time></trkpt>
  <trkpt lat="63.04648" lon="-151.04217"><ele>5728.7</ele><time>2026-08-08T00:24:25Z</time></trkpt>
  <trkpt lat="63.04689" lon="-151.04262"><ele>5732.7</ele><time>2026-08-08T00:24:26Z</time></trkpt>
  <trkpt lat="63.04727" lon="-151.04302"><ele>5736.3</ele><time>2026-08-08T00:24:27Z</time></trkpt>
  <trkpt lat="63.04763" lon="-151.04339"><ele>5740.6</ele><time>2026-08-08T00:24:28Z</time></trkpt>
  <trkpt lat="63.04800" lon="-151.04372"><ele>5745.2</ele><time>2026-08-08T00:24:29Z</time></trkpt>
  <trkpt lat="63.04838" lon="-151.04400"><ele>5750.4</ele><time>2026-08-08T00:24:30Z</time></trkpt>
  <trkpt lat="63.04875" lon="-151.04421"><ele>5754.9</ele><time>2026-08-08T00:24:31Z</time></trkpt>
  <trkpt lat="63.04910" lon="-151.04437"><ele>5759.2</ele><time>2026-08-08T00:24:32Z</time></trkpt>
  <trkpt lat="63.04945" lon="-151.04452"><ele>5763.2</ele><time>2026-08-08T00:24:33Z</time></trkpt>
  <trkpt lat="63.04984" lon="-151.04467"><ele>5767.1</ele><time>2026-08-08T00:24:34Z</time></trkpt>
  <trkpt lat="63.05026" lon="-151.04483"><ele>5771.1</ele><time>2026-08-08T00:24:35Z</time></trkpt>
  <trkpt lat="63.05071" lon="-151.04501"><ele>5775.4</ele><time>2026-08-08T00:24:36Z</time></trkpt>
  <trkpt lat="63.05120" lon="-151.04519"><ele>5779.9</ele><time>2026-08-08T00:24:37Z</time></trkpt>
  <trkpt lat="63.05172" lon="-151.04539"><ele>5784.8</ele><time>2026-08-08T00:24:38Z</time></trkpt>
  <trkpt lat="63.05226" lon="-151.04560"><ele>5790.0</ele><time>2026-08-08T00:24:39Z</time></trkpt>
  <trkpt lat="63.05280" lon="-151.04580"><ele>5794.9</ele><time>2026-08-08T00:24:40Z</time></trkpt>
  <trkpt lat="63.05329" lon="-151.04599"><ele>5799.4</ele><time>2026-08-08T00:24:41Z</time></trkpt>
  <trkpt lat="63.05373" lon="-151.04616"><ele>5804.0</ele><time>2026-08-08T00:24:42Z</time></trkpt>
  <trkpt lat="63.05416" lon="-151.04633"><ele>5808.3</ele><time>2026-08-08T00:24:43Z</time></trkpt>
  <trkpt lat="63.05459" lon="-151.04650"><ele>5812.5</ele><time>2026-08-08T00:24:44Z</time></trkpt>
  <trkpt lat="63.05505" lon="-151.04667"><ele>5817.1</ele><time>2026-08-08T00:24:45Z</time></trkpt>
  <trkpt lat="63.05553" lon="-151.04686"><ele>5821.7</ele><time>2026-08-08T00:24:46Z</time></trkpt>
  <trkpt lat="63.05603" lon="-151.04705"><ele>5826.3</ele><time>2026-08-08T00:24:47Z</time></trkpt>
  <trkpt lat="63.05653" lon="-151.04724"><ele>5831.1</ele><time>2026-08-08T00:24:48Z</time></trkpt>
  <trkpt lat="63.05704" lon="-151.04744"><ele>5836.0</ele><time>2026-08-08T00:24:49Z</time></trkpt>
  <trkpt lat="63.05755" lon="-151.04764"><ele>5841.2</ele><time>2026-08-08T00:24:50Z</time></trkpt>
  <trkpt lat="63.05806" lon="-151.04784"><ele>5846.1</ele><time>2026-08-08T00:24:51Z</time></trkpt>
  <trkpt lat="63.05857" lon="-151.04803"><ele>5850.9</ele><time>2026-08-08T00:24:52Z</time></trkpt>
  <trkpt lat="63.05906" lon="-151.04822"><ele>5855.5</ele><time>2026-08-08T00:24:53Z</time></trkpt>
  <trkpt lat="63.05954" lon="-151.04840"><ele>5860.1</ele><time>2026-08-08T00:24:54Z</time></trkpt>
  <trkpt lat="63.06000" lon="-151.04858"><ele>5864.4</ele><time>2026-08-08T00:24:55Z</time></trkpt>
  <trkpt lat="63.06043" lon="-151.04875"><ele>5868.3</ele><time>2026-08-08T00:24:56Z</time></trkpt>
  <trkpt lat="63.06084" lon="-151.04891"><ele>5872.3</ele><time>2026-08-08T00:24:57Z</time></trkpt>
  <trkpt lat="63.06122" lon="-151.04905"><ele>5875.9</ele><time>2026-08-08T00:24:58Z</time></trkpt>
  <trkpt lat="63.06161" lon="-151.04921"><ele>5879.3</ele><time>2026-08-08T00:24:59Z</time></trkpt>
  <trkpt lat="63.06205" lon="-151.04940"><ele>5882.6</ele><time>2026-08-08T00:25:00Z</time></trkpt>
  <trkpt lat="63.06251" lon="-151.04961"><ele>5885.4</ele><time>2026-08-08T00:25:01Z</time></trkpt>
  <trkpt lat="63.06292" lon="-151.04980"><ele>5887.8</ele><time>2026-08-08T00:25:02Z</time></trkpt>
  <trkpt lat="63.06329" lon="-151.04993"><ele>5890.3</ele><time>2026-08-08T00:25:03Z</time></trkpt>
  <trkpt lat="63.06368" lon="-151.05000"><ele>5892.7</ele><time>2026-08-08T00:25:04Z</time></trkpt>
  <trkpt lat="63.06413" lon="-151.05005"><ele>5896.4</ele><time>2026-08-08T00:25:05Z</time></trkpt>
  <trkpt lat="63.06463" lon="-151.05008"><ele>5900.6</ele><time>2026-08-08T00:25:06Z</time></trkpt>
  <trkpt lat="63.06517" lon="-151.05011"><ele>5905.2</ele><time>2026-08-08T00:25:07Z</time></trkpt>
  <trkpt lat="63.06574" lon="-151.05013"><ele>5910.4</ele><time>2026-08-08T00:25:08Z</time></trkpt>
  <trkpt lat="63.06631" lon="-151.05014"><ele>5915.6</ele><time>2026-08-08T00:25:09Z</time></trkpt>
  <trkpt lat="63.06687" lon="-151.05015"><ele>5920.7</ele><time>2026-08-08T00:25:10Z</time></trkpt>
  <trkpt lat="63.06739" lon="-151.05016"><ele>5925.3</ele><time>2026-08-08T00:25:11Z</time></trkpt>
  <trkpt lat="63.06784" lon="-151.05017"><ele>5929.3</ele><time>2026-08-08T00:25:12Z</time></trkpt>
  <trkpt lat="63.06822" lon="-151.05017"><ele>5932.9</ele><time>2026-08-08T00:25:13Z</time></trkpt>
  <trkpt lat="63.06859" lon="-151.05012"><ele>5936.0</ele><time>2026-08-08T00:25:14Z</time></trkpt>
  <trkpt lat="63.06901" lon="-151.05000"><ele>5939.3</ele><time>2026-08-08T00:25:15Z</time></trkpt>
  <trkpt lat="63.06948" lon="-151.04982"><ele>5943.0</ele><time>2026-08-08T00:25:16Z</time></trkpt>
  <trkpt lat="63.07001" lon="-151.04962"><ele>5947.3</ele><time>2026-08-08T00:25:17Z</time></trkpt>
  <trkpt lat="63.07059" lon="-151.04940"><ele>5952.1</ele><time>2026-08-08T00:25:18Z</time></trkpt>
  <trkpt lat="63.07119" lon="-151.04917"><ele>5957.0</ele><time>2026-08-08T00:25:19Z</time></trkpt>
  <trkpt lat="63.07178" lon="-151.04896"><ele>5962.2</ele><time>2026-08-08T00:25:20Z</time></trkpt>
  <trkpt lat="63.07235" lon="-151.04876"><ele>5967.1</ele><time>2026-08-08T00:25:21Z</time></trkpt>
  <trkpt lat="63.07289" lon="-151.04858"><ele>5971.6</ele><time>2026-08-08T00:25:22Z</time></trkpt>
  <trkpt lat="63.07342" lon="-151.04843"><ele>5976.2</ele><time>2026-08-08T00:25:23Z</time></trkpt>
  <trkpt lat="63.07392" lon="-151.04833"><ele>5980.5</ele><time>2026-08-08T00:25:24Z</time></trkpt>
  <trkpt lat="63.07440" lon="-151.04829"><ele>5984.7</ele><time>2026-08-08T00:25:25Z</time></trkpt>
  <trkpt lat="63.07488" lon="-151.04830"><ele>5988.7</ele><time>2026-08-08T00:25:26Z</time></trkpt>
  <trkpt lat="63.07538" lon="-151.04834"><ele>5992.4</ele><time>2026-08-08T00:25:27Z</time></trkpt>
  <trkpt lat="63.07592" lon="-151.04842"><ele>5996.0</ele><time>2026-08-08T00:25:28Z</time></trkpt>
  <trkpt lat="63.07646" lon="-151.04853"><ele>5999.7</ele><time>2026-08-08T00:25:29Z</time></trkpt>
  <trkpt lat="63.07700" lon="-151.04868"><ele>6003.0</ele><time>2026-08-08T00:25:30Z</time></trkpt>
  <trkpt lat="63.07750" lon="-151.04885"><ele>6006.4</ele><time>2026-08-08T00:25:31Z</time></trkpt>
  <trkpt lat="63.07799" lon="-151.04907"><ele>6009.4</ele><time>2026-08-08T00:25:32Z</time></trkpt>
  <trkpt lat="63.07844" lon="-151.04932"><ele>6012.5</ele><time>2026-08-08T00:25:33Z</time></trkpt>
  <trkpt lat="63.07889" lon="-151.04959"><ele>6015.5</ele><time>2026-08-08T00:25:34Z</time></trkpt>
  <trkpt lat="63.07935" lon="-151.04988"><ele>6019.2</ele><time>2026-08-08T00:25:35Z</time></trkpt>
  <trkpt lat="63.07981" lon="-151.05020"><ele>6023.2</ele><time>2026-08-08T00:25:36Z</time></trkpt>
  <trkpt lat="63.08027" lon="-151.05055"><ele>6027.4</ele><time>2026-08-08T00:25:37Z</time></trkpt>
  <trkpt lat="63.08072" lon="-151.05093"><ele>6032.0</ele><time>2026-08-08T00:25:38Z</time></trkpt>
  <trkpt lat="63.08117" lon="-151.05134"><ele>6036.6</ele><time>2026-08-08T00:25:39Z</time></trkpt>
  <trkpt lat="63.08159" lon="-151.05176"><ele>6041.1</ele><time>2026-08-08T00:25:40Z</time></trkpt>
  <trkpt lat="63.08199" lon="-151.05220"><ele>6045.1</ele><time>2026-08-08T00:25:41Z</time></trkpt>
  <trkpt lat="63.08236" lon="-151.05261"><ele>6048.8</ele><time>2026-08-08T00:25:42Z</time></trkpt>
  <trkpt lat="63.08268" lon="-151.05300"><ele>6052.1</ele><time>2026-08-08T00:25:43Z</time></trkpt>
  <trkpt lat="63.08301" lon="-151.05342"><ele>6055.8</ele><time>2026-08-08T00:25:44Z</time></trkpt>
  <trkpt lat="63.08343" lon="-151.05397"><ele>6059.4</ele><time>2026-08-08T00:25:45Z</time></trkpt>
  <trkpt lat="63.08390" lon="-151.05461"><ele>6063.1</ele><time>2026-08-08T00:25:46Z</time></trkpt>
  <trkpt lat="63.08435" lon="-151.05519"><ele>6067.0</ele><time>2026-08-08T00:25:47Z</time></trkpt>
  <trkpt lat="63.08473" lon="-151.05570"><ele>6070.4</ele><time>2026-08-08T00:25:48Z</time></trkpt>
  <trkpt lat="63.08508" lon="-151.05617"><ele>6073.7</ele><time>2026-08-08T00:25:49Z</time></trkpt>
  <trkpt lat="63.08546" lon="-151.05667"><ele>6077.1</ele><time>2026-08-08T00:25:50Z</time></trkpt>
  <trkpt lat="63.08587" lon="-151.05720"><ele>6080.5</ele><time>2026-08-08T00:25:51Z</time></trkpt>
  <trkpt lat="63.08630" lon="-151.05777"><ele>6084.1</ele><time>2026-08-08T00:25:52Z</time></trkpt>
  <trkpt lat="63.08675" lon="-151.05836"><ele>6088.1</ele><time>2026-08-08T00:25:53Z</time></trkpt>
  <trkpt lat="63.08721" lon="-151.05897"><ele>6092.0</ele><time>2026-08-08T00:25:54Z</time></trkpt>
  <trkpt lat="63.08769" lon="-151.05960"><ele>6096.0</ele><time>2026-08-08T00:25:55Z</time></trkpt>
  <trkpt lat="63.08817" lon="-151.06023"><ele>6100.3</ele><time>2026-08-08T00:25:56Z</time></trkpt>
  <trkpt lat="63.08865" lon="-151.06087"><ele>6104.2</ele><time>2026-08-08T00:25:57Z</time></trkpt>
  <trkpt lat="63.08912" lon="-151.06150"><ele>6108.5</ele><time>2026-08-08T00:25:58Z</time></trkpt>
  <trkpt lat="63.08959" lon="-151.06212"><ele>6112.2</ele><time>2026-08-08T00:25:59Z</time></trkpt>
  <trkpt lat="63.09005" lon="-151.06272"><ele>6116.1</ele><time>2026-08-08T00:26:00Z</time></trkpt>
  <trkpt lat="63.09048" lon="-151.06330"><ele>6119.8</ele><time>2026-08-08T00:26:01Z</time></trkpt>
  <trkpt lat="63.09090" lon="-151.06385"><ele>6123.1</ele><time>2026-08-08T00:26:02Z</time></trkpt>
  <trkpt lat="63.09129" lon="-151.06437"><ele>6126.5</ele><time>2026-08-08T00:26:03Z</time></trkpt>
  <trkpt lat="63.09166" lon="-151.06488"><ele>6129.8</ele><time>2026-08-08T00:26:04Z</time></trkpt>
  <trkpt lat="63.09206" lon="-151.06542"><ele>6133.2</ele><time>2026-08-08T00:26:05Z</time></trkpt>
  <trkpt lat="63.09253" lon="-151.06607"><ele>6136.5</ele><time>2026-08-08T00:26:06Z</time></trkpt>
  <trkpt lat="63.09305" lon="-151.06680"><ele>6139.6</ele><time>2026-08-08T00:26:07Z</time></trkpt>
  <trkpt lat="63.09354" lon="-151.06750"><ele>6142.6</ele><time>2026-08-08T00:26:08Z</time></trkpt>
  <trkpt lat="63.09395" lon="-151.06812"><ele>6145.1</ele><time>2026-08-08T00:26:09Z</time></trkpt>
  <trkpt lat="63.09429" lon="-151.06865"><ele>6147.2</ele><time>2026-08-08T00:26:10Z</time></trkpt>
  <trkpt lat="63.09461" lon="-151.06917"><ele>6149.0</ele><time>2026-08-08T00:26:11Z</time></trkpt>
  <trkpt lat="63.09496" lon="-151.06976"><ele>6151.5</ele><time>2026-08-08T00:26:12Z</time></trkpt>
  <trkpt lat="63.09532" lon="-151.07041"><ele>6153.9</ele><time>2026-08-08T00:26:13Z</time></trkpt>
  <trkpt lat="63.09566" lon="-151.07111"><ele>6156.7</ele><time>2026-08-08T00:26:14Z</time></trkpt>
  <trkpt lat="63.09599" lon="-151.07185"><ele>6159.4</ele><time>2026-08-08T00:26:15Z</time></trkpt>
  <trkpt lat="63.09631" lon="-151.07265"><ele>6161.5</ele><time>2026-08-08T00:26:16Z</time></trkpt>
  <trkpt lat="63.09660" lon="-151.07347"><ele>6163.4</ele><time>2026-08-08T00:26:17Z</time></trkpt>
  <trkpt lat="63.09687" lon="-151.07434"><ele>6164.0</ele><time>2026-08-08T00:26:18Z</time></trkpt>
  <trkpt lat="63.09710" lon="-151.07524"><ele>6164.0</ele><time>2026-08-08T00:26:19Z</time></trkpt>
  <trkpt lat="63.09729" lon="-151.07616"><ele>6163.4</ele><time>2026-08-08T00:26:20Z</time></trkpt>
  <trkpt lat="63.09746" lon="-151.07710"><ele>6162.4</ele><time>2026-08-08T00:26:21Z</time></trkpt>
  <trkpt lat="63.09759" lon="-151.07807"><ele>6161.5</ele><time>2026-08-08T00:26:22Z</time></trkpt>
  <trkpt lat="63.09769" lon="-151.07909"><ele>6161.5</ele><time>2026-08-08T00:26:23Z</time></trkpt>
  <trkpt lat="63.09774" lon="-151.08016"><ele>6162.1</ele><time>2026-08-08T00:26:24Z</time></trkpt>
  <trkpt lat="63.09773" lon="-151.08124"><ele>6163.4</ele><time>2026-08-08T00:26:25Z</time></trkpt>
  <trkpt lat="63.09768" lon="-151.08230"><ele>6164.0</ele><time>2026-08-08T00:26:26Z</time></trkpt>
  <trkpt lat="63.09758" lon="-151.08332"><ele>6164.6</ele><time>2026-08-08T00:26:27Z</time></trkpt>
  <trkpt lat="63.09745" lon="-151.08429"><ele>6164.6</ele><time>2026-08-08T00:26:28Z</time></trkpt>
  <trkpt lat="63.09727" lon="-151.08524"><ele>6164.6</ele><time>2026-08-08T00:26:29Z</time></trkpt>
  <trkpt lat="63.09705" lon="-151.08617"><ele>6164.9</ele><time>2026-08-08T00:26:30Z</time></trkpt>
  <trkpt lat="63.09677" lon="-151.08708"><ele>6165.2</ele><time>2026-08-08T00:26:31Z</time></trkpt>
  <trkpt lat="63.09645" lon="-151.08793"><ele>6166.4</ele><time>2026-08-08T00:26:32Z</time></trkpt>
  <trkpt lat="63.09609" lon="-151.08867"><ele>6167.9</ele><time>2026-08-08T00:26:33Z</time></trkpt>
  <trkpt lat="63.09570" lon="-151.08931"><ele>6169.2</ele><time>2026-08-08T00:26:34Z</time></trkpt>
  <trkpt lat="63.09529" lon="-151.08987"><ele>6170.1</ele><time>2026-08-08T00:26:35Z</time></trkpt>
  <trkpt lat="63.09484" lon="-151.09036"><ele>6170.1</ele><time>2026-08-08T00:26:36Z</time></trkpt>
  <trkpt lat="63.09436" lon="-151.09076"><ele>6169.8</ele><time>2026-08-08T00:26:37Z</time></trkpt>
  <trkpt lat="63.09385" lon="-151.09107"><ele>6170.4</ele><time>2026-08-08T00:26:38Z</time></trkpt>
  <trkpt lat="63.09331" lon="-151.09129"><ele>6172.2</ele><time>2026-08-08T00:26:39Z</time></trkpt>
  <trkpt lat="63.09276" lon="-151.09139"><ele>6174.0</ele><time>2026-08-08T00:26:40Z</time></trkpt>
  <trkpt lat="63.09221" lon="-151.09137"><ele>6175.2</ele><time>2026-08-08T00:26:41Z</time></trkpt>
  <trkpt lat="63.09166" lon="-151.09122"><ele>6175.9</ele><time>2026-08-08T00:26:42Z</time></trkpt>
  <trkpt lat="63.09110" lon="-151.09095"><ele>6175.9</ele><time>2026-08-08T00:26:43Z</time></trkpt>
  <trkpt lat="63.09054" lon="-151.09056"><ele>6175.9</ele><time>2026-08-08T00:26:44Z</time></trkpt>
  <trkpt lat="63.08998" lon="-151.09006"><ele>6176.2</ele><time>2026-08-08T00:26:45Z</time></trkpt>
  <trkpt lat="63.08944" lon="-151.08947"><ele>6176.5</ele><time>2026-08-08T00:26:46Z</time></trkpt>
  <trkpt lat="63.08892" lon="-151.08879"><ele>6177.7</ele><time>2026-08-08T00:26:47Z</time></trkpt>
  <trkpt lat="63.08842" lon="-151.08803"><ele>6179.5</ele><time>2026-08-08T00:26:48Z</time></trkpt>
  <trkpt lat="63.08794" lon="-151.08721"><ele>6182.0</ele><time>2026-08-08T00:26:49Z</time></trkpt>
  <trkpt lat="63.08747" lon="-151.08635"><ele>6185.3</ele><time>2026-08-08T00:26:50Z</time></trkpt>
  <trkpt lat="63.08702" lon="-151.08545"><ele>6189.0</ele><time>2026-08-08T00:26:51Z</time></trkpt>
  <trkpt lat="63.08660" lon="-151.08455"><ele>6192.9</ele><time>2026-08-08T00:26:52Z</time></trkpt>
  <trkpt lat="63.08621" lon="-151.08368"><ele>6196.3</ele><time>2026-08-08T00:26:53Z</time></trkpt>
  <trkpt lat="63.08583" lon="-151.08281"><ele>6199.3</ele><time>2026-08-08T00:26:54Z</time></trkpt>
  <trkpt lat="63.08542" lon="-151.08183"><ele>6202.4</ele><time>2026-08-08T00:26:55Z</time></trkpt>
  <trkpt lat="63.08494" lon="-151.08070"><ele>6205.7</ele><time>2026-08-08T00:26:56Z</time></trkpt>
  <trkpt lat="63.08446" lon="-151.07953"><ele>6209.7</ele><time>2026-08-08T00:26:57Z</time></trkpt>
  <trkpt lat="63.08402" lon="-151.07846"><ele>6214.0</ele><time>2026-08-08T00:26:58Z</time></trkpt>
  <trkpt lat="63.08361" lon="-151.07746"><ele>6218.8</ele><time>2026-08-08T00:26:59Z</time></trkpt>
  <trkpt lat="63.08319" lon="-151.07644"><ele>6223.7</ele><time>2026-08-08T00:27:00Z</time></trkpt>
  <trkpt lat="63.08275" lon="-151.07536"><ele>6228.9</ele><time>2026-08-08T00:27:01Z</time></trkpt>
  <trkpt lat="63.08228" lon="-151.07421"><ele>6234.4</ele><time>2026-08-08T00:27:02Z</time></trkpt>
  <trkpt lat="63.08180" lon="-151.07302"><ele>6240.2</ele><time>2026-08-08T00:27:03Z</time></trkpt>
  <trkpt lat="63.08131" lon="-151.07183"><ele>6246.3</ele><time>2026-08-08T00:27:04Z</time></trkpt>
  <trkpt lat="63.08083" lon="-151.07065"><ele>6252.1</ele><time>2026-08-08T00:27:05Z</time></trkpt>
  <trkpt lat="63.08037" lon="-151.06951"><ele>6257.5</ele><time>2026-08-08T00:27:06Z</time></trkpt>
  <trkpt lat="63.07993" lon="-151.06844"><ele>6263.0</ele><time>2026-08-08T00:27:07Z</time></trkpt>
  <trkpt lat="63.07953" lon="-151.06745"><ele>6267.9</ele><time>2026-08-08T00:27:08Z</time></trkpt>
  <trkpt lat="63.07916" lon="-151.06652"><ele>6272.2</ele><time>2026-08-08T00:27:09Z</time></trkpt>
  <trkpt lat="63.07880" lon="-151.06566"><ele>6275.8</ele><time>2026-08-08T00:27:10Z</time></trkpt>
  <trkpt lat="63.07849" lon="-151.06487"><ele>6278.6</ele><time>2026-08-08T00:27:11Z</time></trkpt>
  <trkpt lat="63.07821" lon="-151.06415"><ele>6280.4</ele><time>2026-08-08T00:27:12Z</time></trkpt>
  <trkpt lat="63.07792" lon="-151.06342"><ele>6281.9</ele><time>2026-08-08T00:27:13Z</time></trkpt>
  <trkpt lat="63.07759" lon="-151.06257"><ele>6283.5</ele><time>2026-08-08T00:27:14Z</time></trkpt>
  <trkpt lat="63.07720" lon="-151.06159"><ele>6285.3</ele><time>2026-08-08T00:27:15Z</time></trkpt>
  <trkpt lat="63.07678" lon="-151.06051"><ele>6287.4</ele><time>2026-08-08T00:27:16Z</time></trkpt>
  <trkpt lat="63.07633" lon="-151.05937"><ele>6289.5</ele><time>2026-08-08T00:27:17Z</time></trkpt>
  <trkpt lat="63.07586" lon="-151.05820"><ele>6292.0</ele><time>2026-08-08T00:27:18Z</time></trkpt>
  <trkpt lat="63.07540" lon="-151.05702"><ele>6294.1</ele><time>2026-08-08T00:27:19Z</time></trkpt>
  <trkpt lat="63.07494" lon="-151.05586"><ele>6296.3</ele><time>2026-08-08T00:27:20Z</time></trkpt>
  <trkpt lat="63.07450" lon="-151.05474"><ele>6298.1</ele><time>2026-08-08T00:27:21Z</time></trkpt>
  <trkpt lat="63.07408" lon="-151.05365"><ele>6299.6</ele><time>2026-08-08T00:27:22Z</time></trkpt>
  <trkpt lat="63.07365" lon="-151.05256"><ele>6301.1</ele><time>2026-08-08T00:27:23Z</time></trkpt>
  <trkpt lat="63.07321" lon="-151.05141"><ele>6302.0</ele><time>2026-08-08T00:27:24Z</time></trkpt>
  <trkpt lat="63.07276" lon="-151.05021"><ele>6302.3</ele><time>2026-08-08T00:27:25Z</time></trkpt>
  <trkpt lat="63.07231" lon="-151.04902"><ele>6302.7</ele><time>2026-08-08T00:27:26Z</time></trkpt>
  <trkpt lat="63.07189" lon="-151.04789"><ele>6302.7</ele><time>2026-08-08T00:27:27Z</time></trkpt>
  <trkpt lat="63.07150" lon="-151.04683"><ele>6302.3</ele><time>2026-08-08T00:27:28Z</time></trkpt>
  <trkpt lat="63.07112" lon="-151.04584"><ele>6302.3</ele><time>2026-08-08T00:27:29Z</time></trkpt>
  <trkpt lat="63.07074" lon="-151.04487"><ele>6302.7</ele><time>2026-08-08T00:27:30Z</time></trkpt>
  <trkpt lat="63.07033" lon="-151.04389"><ele>6303.9</ele><time>2026-08-08T00:27:31Z</time></trkpt>
  <trkpt lat="63.06990" lon="-151.04292"><ele>6305.1</ele><time>2026-08-08T00:27:32Z</time></trkpt>
  <trkpt lat="63.06946" lon="-151.04202"><ele>6306.9</ele><time>2026-08-08T00:27:33Z</time></trkpt>
  <trkpt lat="63.06901" lon="-151.04117"><ele>6308.1</ele><time>2026-08-08T00:27:34Z</time></trkpt>
  <trkpt lat="63.06853" lon="-151.04032"><ele>6309.1</ele><time>2026-08-08T00:27:35Z</time></trkpt>
  <trkpt lat="63.06803" lon="-151.03949"><ele>6309.4</ele><time>2026-08-08T00:27:36Z</time></trkpt>
  <trkpt lat="63.06752" lon="-151.03869"><ele>6309.4</ele><time>2026-08-08T00:27:37Z</time></trkpt>
  <trkpt lat="63.06701" lon="-151.03795"><ele>6309.4</ele><time>2026-08-08T00:27:38Z</time></trkpt>
  <trkpt lat="63.06649" lon="-151.03725"><ele>6309.4</ele><time>2026-08-08T00:27:39Z</time></trkpt>
  <trkpt lat="63.06595" lon="-151.03661"><ele>6309.4</ele><time>2026-08-08T00:27:40Z</time></trkpt>
  <trkpt lat="63.06541" lon="-151.03602"><ele>6309.4</ele><time>2026-08-08T00:27:41Z</time></trkpt>
  <trkpt lat="63.06486" lon="-151.03548"><ele>6309.4</ele><time>2026-08-08T00:27:42Z</time></trkpt>
  <trkpt lat="63.06431" lon="-151.03502"><ele>6309.4</ele><time>2026-08-08T00:27:43Z</time></trkpt>
  <trkpt lat="63.06376" lon="-151.03462"><ele>6309.4</ele><time>2026-08-08T00:27:44Z</time></trkpt>
  <trkpt lat="63.06320" lon="-151.03430"><ele>6309.4</ele><time>2026-08-08T00:27:45Z</time></trkpt>
  <trkpt lat="63.06263" lon="-151.03406"><ele>6309.4</ele><time>2026-08-08T00:27:46Z</time></trkpt>
  <trkpt lat="63.06206" lon="-151.03387"><ele>6309.4</ele><time>2026-08-08T00:27:47Z</time></trkpt>
  <trkpt lat="63.06150" lon="-151.03375"><ele>6309.4</ele><time>2026-08-08T00:27:48Z</time></trkpt>
  <trkpt lat="63.06095" lon="-151.03371"><ele>6309.4</ele><time>2026-08-08T00:27:49Z</time></trkpt>
  <trkpt lat="63.06041" lon="-151.03376"><ele>6309.4</ele><time>2026-08-08T00:27:50Z</time></trkpt>
  <trkpt lat="63.05987" lon="-151.03388"><ele>6309.4</ele><time>2026-08-08T00:27:51Z</time></trkpt>
  <trkpt lat="63.05935" lon="-151.03408"><ele>6309.4</ele><time>2026-08-08T00:27:52Z</time></trkpt>
  <trkpt lat="63.05883" lon="-151.03434"><ele>6309.4</ele><time>2026-08-08T00:27:53Z</time></trkpt>
  <trkpt lat="63.05832" lon="-151.03467"><ele>6309.4</ele><time>2026-08-08T00:27:54Z</time></trkpt>
  <trkpt lat="63.05784" lon="-151.03508"><ele>6309.4</ele><time>2026-08-08T00:27:55Z</time></trkpt>
  <trkpt lat="63.05739" lon="-151.03553"><ele>6309.4</ele><time>2026-08-08T00:27:56Z</time></trkpt>
  <trkpt lat="63.05698" lon="-151.03605"><ele>6309.4</ele><time>2026-08-08T00:27:57Z</time></trkpt>
  <trkpt lat="63.05658" lon="-151.03664"><ele>6309.4</ele><time>2026-08-08T00:27:58Z</time></trkpt>
  <trkpt lat="63.05618" lon="-151.03732"><ele>6309.4</ele><time>2026-08-08T00:27:59Z</time></trkpt>
  <trkpt lat="63.05581" lon="-151.03806"><ele>6309.4</ele><time>2026-08-08T00:28:00Z</time></trkpt>
  <trkpt lat="63.05548" lon="-151.03884"><ele>6309.4</ele><time>2026-08-08T00:28:01Z</time></trkpt>
  <trkpt lat="63.05518" lon="-151.03967"><ele>6309.4</ele><time>2026-08-08T00:28:02Z</time></trkpt>
  <trkpt lat="63.05492" lon="-151.04053"><ele>6309.1</ele><time>2026-08-08T00:28:03Z</time></trkpt>
  <trkpt lat="63.05468" lon="-151.04142"><ele>6308.1</ele><time>2026-08-08T00:28:04Z</time></trkpt>
  <trkpt lat="63.05448" lon="-151.04234"><ele>6306.6</ele><time>2026-08-08T00:28:05Z</time></trkpt>
  <trkpt lat="63.05432" lon="-151.04330"><ele>6305.1</ele><time>2026-08-08T00:28:06Z</time></trkpt>
  <trkpt lat="63.05420" lon="-151.04431"><ele>6303.6</ele><time>2026-08-08T00:28:07Z</time></trkpt>
  <trkpt lat="63.05411" lon="-151.04535"><ele>6302.3</ele><time>2026-08-08T00:28:08Z</time></trkpt>
  <trkpt lat="63.05406" lon="-151.04642"><ele>6302.0</ele><time>2026-08-08T00:28:09Z</time></trkpt>
  <trkpt lat="63.05404" lon="-151.04750"><ele>6301.7</ele><time>2026-08-08T00:28:10Z</time></trkpt>
  <trkpt lat="63.05404" lon="-151.04855"><ele>6301.7</ele><time>2026-08-08T00:28:11Z</time></trkpt>
  <trkpt lat="63.05409" lon="-151.04960"><ele>6301.7</ele><time>2026-08-08T00:28:12Z</time></trkpt>
  <trkpt lat="63.05418" lon="-151.05066"><ele>6301.7</ele><time>2026-08-08T00:28:13Z</time></trkpt>
  <trkpt lat="63.05430" lon="-151.05171"><ele>6301.4</ele><time>2026-08-08T00:28:14Z</time></trkpt>
  <trkpt lat="63.05447" lon="-151.05272"><ele>6300.5</ele><time>2026-08-08T00:28:15Z</time></trkpt>
  <trkpt lat="63.05467" lon="-151.05368"><ele>6299.3</ele><time>2026-08-08T00:28:16Z</time></trkpt>
  <trkpt lat="63.05491" lon="-151.05462"><ele>6297.5</ele><time>2026-08-08T00:28:17Z</time></trkpt>
  <trkpt lat="63.05520" lon="-151.05555"><ele>6295.9</ele><time>2026-08-08T00:28:18Z</time></trkpt>
  <trkpt lat="63.05554" lon="-151.05647"><ele>6294.7</ele><time>2026-08-08T00:28:19Z</time></trkpt>
  <trkpt lat="63.05591" lon="-151.05734"><ele>6294.4</ele><time>2026-08-08T00:28:20Z</time></trkpt>
  <trkpt lat="63.05631" lon="-151.05813"><ele>6294.1</ele><time>2026-08-08T00:28:21Z</time></trkpt>
  <trkpt lat="63.05670" lon="-151.05884"><ele>6294.1</ele><time>2026-08-08T00:28:22Z</time></trkpt>
  <trkpt lat="63.05710" lon="-151.05944"><ele>6294.1</ele><time>2026-08-08T00:28:23Z</time></trkpt>
  <trkpt lat="63.05752" lon="-151.05996"><ele>6294.4</ele><time>2026-08-08T00:28:24Z</time></trkpt>
  <trkpt lat="63.05799" lon="-151.06041"><ele>6295.0</ele><time>2026-08-08T00:28:25Z</time></trkpt>
  <trkpt lat="63.05852" lon="-151.06082"><ele>6295.9</ele><time>2026-08-08T00:28:26Z</time></trkpt>
  <trkpt lat="63.05912" lon="-151.06121"><ele>6297.2</ele><time>2026-08-08T00:28:27Z</time></trkpt>
  <trkpt lat="63.05974" lon="-151.06159"><ele>6298.4</ele><time>2026-08-08T00:28:28Z</time></trkpt>
  <trkpt lat="63.06037" lon="-151.06194"><ele>6299.6</ele><time>2026-08-08T00:28:29Z</time></trkpt>
  <trkpt lat="63.06099" lon="-151.06224"><ele>6300.5</ele><time>2026-08-08T00:28:30Z</time></trkpt>
  <trkpt lat="63.06159" lon="-151.06243"><ele>6301.4</ele><time>2026-08-08T00:28:31Z</time></trkpt>
  <trkpt lat="63.06218" lon="-151.06249"><ele>6301.7</ele><time>2026-08-08T00:28:32Z</time></trkpt>
  <trkpt lat="63.06278" lon="-151.06244"><ele>6302.0</ele><time>2026-08-08T00:28:33Z</time></trkpt>
  <trkpt lat="63.06340" lon="-151.06231"><ele>6302.3</ele><time>2026-08-08T00:28:34Z</time></trkpt>
  <trkpt lat="63.06401" lon="-151.06212"><ele>6303.3</ele><time>2026-08-08T00:28:35Z</time></trkpt>
  <trkpt lat="63.06463" lon="-151.06183"><ele>6304.8</ele><time>2026-08-08T00:28:36Z</time></trkpt>
  <trkpt lat="63.06526" lon="-151.06145"><ele>6306.6</ele><time>2026-08-08T00:28:37Z</time></trkpt>
  <trkpt lat="63.06587" lon="-151.06102"><ele>6308.1</ele><time>2026-08-08T00:28:38Z</time></trkpt>
  <trkpt lat="63.06646" lon="-151.06054"><ele>6308.8</ele><time>2026-08-08T00:28:39Z</time></trkpt>
  <trkpt lat="63.06704" lon="-151.05999"><ele>6309.4</ele><time>2026-08-08T00:28:40Z</time></trkpt>
  <trkpt lat="63.06762" lon="-151.05938"><ele>6310.0</ele><time>2026-08-08T00:28:41Z</time></trkpt>
  <trkpt lat="63.06819" lon="-151.05869"><ele>6310.9</ele><time>2026-08-08T00:28:42Z</time></trkpt>
  <trkpt lat="63.06875" lon="-151.05794"><ele>6312.1</ele><time>2026-08-08T00:28:43Z</time></trkpt>
  <trkpt lat="63.06928" lon="-151.05715"><ele>6313.9</ele><time>2026-08-08T00:28:44Z</time></trkpt>
  <trkpt lat="63.06978" lon="-151.05633"><ele>6315.5</ele><time>2026-08-08T00:28:45Z</time></trkpt>
  <trkpt lat="63.07027" lon="-151.05548"><ele>6316.4</ele><time>2026-08-08T00:28:46Z</time></trkpt>
  <trkpt lat="63.07076" lon="-151.05454"><ele>6317.0</ele><time>2026-08-08T00:28:47Z</time></trkpt>
  <trkpt lat="63.07128" lon="-151.05354"><ele>6317.0</ele><time>2026-08-08T00:28:48Z</time></trkpt>
  <trkpt lat="63.07179" lon="-151.05252"><ele>6317.0</ele><time>2026-08-08T00:28:49Z</time></trkpt>
  <trkpt lat="63.07231" lon="-151.05150"><ele>6317.0</ele><time>2026-08-08T00:28:50Z</time></trkpt>
  <trkpt lat="63.07284" lon="-151.05042"><ele>6317.0</ele><time>2026-08-08T00:28:51Z</time></trkpt>
  <trkpt lat="63.07340" lon="-151.04931"><ele>6317.0</ele><time>2026-08-08T00:28:52Z</time></trkpt>
  <trkpt lat="63.07397" lon="-151.04819"><ele>6317.0</ele><time>2026-08-08T00:28:53Z</time></trkpt>
  <trkpt lat="63.07452" lon="-151.04711"><ele>6317.0</ele><time>2026-08-08T00:28:54Z</time></trkpt>
  <trkpt lat="63.07505" lon="-151.04608"><ele>6317.0</ele><time>2026-08-08T00:28:55Z</time></trkpt>
  <trkpt lat="63.07557" lon="-151.04509"><ele>6317.0</ele><time>2026-08-08T00:28:56Z</time></trkpt>
  <trkpt lat="63.07612" lon="-151.04414"><ele>6317.0</ele><time>2026-08-08T00:28:57Z</time></trkpt>
  <trkpt lat="63.07667" lon="-151.04325"><ele>6316.7</ele><time>2026-08-08T00:28:58Z</time></trkpt>
  <trkpt lat="63.07722" lon="-151.04246"><ele>6316.1</ele><time>2026-08-08T00:28:59Z</time></trkpt>
  <trkpt lat="63.07777" lon="-151.04171"><ele>6314.8</ele><time>2026-08-08T00:29:00Z</time></trkpt>
  <trkpt lat="63.07834" lon="-151.04097"><ele>6313.3</ele><time>2026-08-08T00:29:01Z</time></trkpt>
  <trkpt lat="63.07893" lon="-151.04024"><ele>6311.5</ele><time>2026-08-08T00:29:02Z</time></trkpt>
  <trkpt lat="63.07953" lon="-151.03956"><ele>6310.3</ele><time>2026-08-08T00:29:03Z</time></trkpt>
  <trkpt lat="63.08012" lon="-151.03893"><ele>6309.7</ele><time>2026-08-08T00:29:04Z</time></trkpt>
  <trkpt lat="63.08072" lon="-151.03835"><ele>6309.4</ele><time>2026-08-08T00:29:05Z</time></trkpt>
  <trkpt lat="63.08131" lon="-151.03780"><ele>6309.4</ele><time>2026-08-08T00:29:06Z</time></trkpt>
  <trkpt lat="63.08191" lon="-151.03728"><ele>6309.4</ele><time>2026-08-08T00:29:07Z</time></trkpt>
  <trkpt lat="63.08252" lon="-151.03680"><ele>6309.4</ele><time>2026-08-08T00:29:08Z</time></trkpt>
  <trkpt lat="63.08315" lon="-151.03636"><ele>6309.4</ele><time>2026-08-08T00:29:09Z</time></trkpt>
  <trkpt lat="63.08379" lon="-151.03597"><ele>6309.4</ele><time>2026-08-08T00:29:10Z</time></trkpt>
  <trkpt lat="63.08443" lon="-151.03563"><ele>6309.1</ele><time>2026-08-08T00:29:11Z</time></trkpt>
  <trkpt lat="63.08506" lon="-151.03532"><ele>6308.4</ele><time>2026-08-08T00:29:12Z</time></trkpt>
  <trkpt lat="63.08568" lon="-151.03507"><ele>6307.2</ele><time>2026-08-08T00:29:13Z</time></trkpt>
  <trkpt lat="63.08627" lon="-151.03487"><ele>6305.1</ele><time>2026-08-08T00:29:14Z</time></trkpt>
  <trkpt lat="63.08685" lon="-151.03473"><ele>6302.7</ele><time>2026-08-08T00:29:15Z</time></trkpt>
  <trkpt lat="63.08744" lon="-151.03465"><ele>6299.9</ele><time>2026-08-08T00:29:16Z</time></trkpt>
  <trkpt lat="63.08804" lon="-151.03465"><ele>6296.9</ele><time>2026-08-08T00:29:17Z</time></trkpt>
  <trkpt lat="63.08865" lon="-151.03471"><ele>6294.1</ele><time>2026-08-08T00:29:18Z</time></trkpt>
  <trkpt lat="63.08925" lon="-151.03482"><ele>6291.7</ele><time>2026-08-08T00:29:19Z</time></trkpt>
  <trkpt lat="63.08984" lon="-151.03498"><ele>6289.2</ele><time>2026-08-08T00:29:20Z</time></trkpt>
  <trkpt lat="63.09043" lon="-151.03517"><ele>6286.5</ele><time>2026-08-08T00:29:21Z</time></trkpt>
  <trkpt lat="63.09100" lon="-151.03540"><ele>6283.5</ele><time>2026-08-08T00:29:22Z</time></trkpt>
  <trkpt lat="63.09155" lon="-151.03567"><ele>6280.1</ele><time>2026-08-08T00:29:23Z</time></trkpt>
  <trkpt lat="63.09207" lon="-151.03596"><ele>6276.4</ele><time>2026-08-08T00:29:24Z</time></trkpt>
  <trkpt lat="63.09257" lon="-151.03629"><ele>6272.2</ele><time>2026-08-08T00:29:25Z</time></trkpt>
  <trkpt lat="63.09309" lon="-151.03668"><ele>6268.5</ele><time>2026-08-08T00:29:26Z</time></trkpt>
  <trkpt lat="63.09363" lon="-151.03711"><ele>6265.5</ele><time>2026-08-08T00:29:27Z</time></trkpt>
  <trkpt lat="63.09415" lon="-151.03755"><ele>6263.3</ele><time>2026-08-08T00:29:28Z</time></trkpt>
  <trkpt lat="63.09466" lon="-151.03798"><ele>6262.1</ele><time>2026-08-08T00:29:29Z</time></trkpt>
  <trkpt lat="63.09518" lon="-151.03843"><ele>6261.2</ele><time>2026-08-08T00:29:30Z</time></trkpt>
  <trkpt lat="63.09573" lon="-151.03890"><ele>6260.6</ele><time>2026-08-08T00:29:31Z</time></trkpt>
  <trkpt lat="63.09630" lon="-151.03940"><ele>6260.0</ele><time>2026-08-08T00:29:32Z</time></trkpt>
  <trkpt lat="63.09688" lon="-151.03990"><ele>6259.4</ele><time>2026-08-08T00:29:33Z</time></trkpt>
  <trkpt lat="63.09746" lon="-151.04039"><ele>6258.8</ele><time>2026-08-08T00:29:34Z</time></trkpt>
  <trkpt lat="63.09802" lon="-151.04087"><ele>6257.5</ele><time>2026-08-08T00:29:35Z</time></trkpt>
  <trkpt lat="63.09857" lon="-151.04133"><ele>6256.3</ele><time>2026-08-08T00:29:36Z</time></trkpt>
  <trkpt lat="63.09911" lon="-151.04179"><ele>6254.5</ele><time>2026-08-08T00:29:37Z</time></trkpt>
  <trkpt lat="63.09966" lon="-151.04224"><ele>6252.4</ele><time>2026-08-08T00:29:38Z</time></trkpt>
  <trkpt lat="63.10020" lon="-151.04268"><ele>6249.6</ele><time>2026-08-08T00:29:39Z</time></trkpt>
  <trkpt lat="63.10074" lon="-151.04311"><ele>6246.9</ele><time>2026-08-08T00:29:40Z</time></trkpt>
  <trkpt lat="63.10126" lon="-151.04353"><ele>6243.8</ele><time>2026-08-08T00:29:41Z</time></trkpt>
  <trkpt lat="63.10177" lon="-151.04393"><ele>6241.1</ele><time>2026-08-08T00:29:42Z</time></trkpt>
  <trkpt lat="63.10226" lon="-151.04432"><ele>6238.0</ele><time>2026-08-08T00:29:43Z</time></trkpt>
  <trkpt lat="63.10276" lon="-151.04472"><ele>6235.6</ele><time>2026-08-08T00:29:44Z</time></trkpt>
  <trkpt lat="63.10328" lon="-151.04515"><ele>6233.2</ele><time>2026-08-08T00:29:45Z</time></trkpt>
  <trkpt lat="63.10384" lon="-151.04560"><ele>6231.3</ele><time>2026-08-08T00:29:46Z</time></trkpt>
  <trkpt lat="63.10440" lon="-151.04607"><ele>6229.8</ele><time>2026-08-08T00:29:47Z</time></trkpt>
  <trkpt lat="63.10495" lon="-151.04653"><ele>6228.3</ele><time>2026-08-08T00:29:48Z</time></trkpt>
  <trkpt lat="63.10546" lon="-151.04696"><ele>6226.8</ele><time>2026-08-08T00:29:49Z</time></trkpt>
  <trkpt lat="63.10595" lon="-151.04740"><ele>6225.2</ele><time>2026-08-08T00:29:50Z</time></trkpt>
  <trkpt lat="63.10643" lon="-151.04787"><ele>6223.1</ele><time>2026-08-08T00:29:51Z</time></trkpt>
  <trkpt lat="63.10689" lon="-151.04836"><ele>6220.7</ele><time>2026-08-08T00:29:52Z</time></trkpt>
  <trkpt lat="63.10733" lon="-151.04891"><ele>6217.6</ele><time>2026-08-08T00:29:53Z</time></trkpt>
  <trkpt lat="63.10775" lon="-151.04951"><ele>6214.6</ele><time>2026-08-08T00:29:54Z</time></trkpt>
  <trkpt lat="63.10816" lon="-151.05018"><ele>6210.9</ele><time>2026-08-08T00:29:55Z</time></trkpt>
  <trkpt lat="63.10855" lon="-151.05090"><ele>6207.3</ele><time>2026-08-08T00:29:56Z</time></trkpt>
  <trkpt lat="63.10890" lon="-151.05167"><ele>6203.3</ele><time>2026-08-08T00:29:57Z</time></trkpt>
  <trkpt lat="63.10921" lon="-151.05251"><ele>6199.3</ele><time>2026-08-08T00:29:58Z</time></trkpt>
  <trkpt lat="63.10951" lon="-151.05343"><ele>6195.1</ele><time>2026-08-08T00:29:59Z</time></trkpt>
  <trkpt lat="63.10978" lon="-151.05442"><ele>6191.1</ele><time>2026-08-08T00:30:00Z</time></trkpt>
  <trkpt lat="63.11000" lon="-151.05543"><ele>6187.4</ele><time>2026-08-08T00:30:01Z</time></trkpt>
  <trkpt lat="63.11018" lon="-151.05647"><ele>6184.4</ele><time>2026-08-08T00:30:02Z</time></trkpt>
  <trkpt lat="63.11031" lon="-151.05753"><ele>6182.6</ele><time>2026-08-08T00:30:03Z</time></trkpt>
  <trkpt lat="63.11041" lon="-151.05862"><ele>6182.0</ele><time>2026-08-08T00:30:04Z</time></trkpt>
  <trkpt lat="63.11046" lon="-151.05969"><ele>6182.6</ele><time>2026-08-08T00:30:05Z</time></trkpt>
  <trkpt lat="63.11046" lon="-151.06072"><ele>6183.5</ele><time>2026-08-08T00:30:06Z</time></trkpt>
  <trkpt lat="63.11041" lon="-151.06173"><ele>6184.7</ele><time>2026-08-08T00:30:07Z</time></trkpt>
  <trkpt lat="63.11031" lon="-151.06273"><ele>6185.3</ele><time>2026-08-08T00:30:08Z</time></trkpt>
  <trkpt lat="63.11017" lon="-151.06371"><ele>6185.6</ele><time>2026-08-08T00:30:09Z</time></trkpt>
  <trkpt lat="63.10998" lon="-151.06466"><ele>6185.3</ele><time>2026-08-08T00:30:10Z</time></trkpt>
  <trkpt lat="63.10974" lon="-151.06555"><ele>6184.7</ele><time>2026-08-08T00:30:11Z</time></trkpt>
  <trkpt lat="63.10947" lon="-151.06639"><ele>6184.4</ele><time>2026-08-08T00:30:12Z</time></trkpt>
  <trkpt lat="63.10917" lon="-151.06717"><ele>6184.7</ele><time>2026-08-08T00:30:13Z</time></trkpt>
  <trkpt lat="63.10885" lon="-151.06786"><ele>6185.6</ele><time>2026-08-08T00:30:14Z</time></trkpt>
  <trkpt lat="63.10850" lon="-151.06849"><ele>6186.5</ele><time>2026-08-08T00:30:15Z</time></trkpt>
  <trkpt lat="63.10811" lon="-151.06904"><ele>6187.1</ele><time>2026-08-08T00:30:16Z</time></trkpt>
  <trkpt lat="63.10769" lon="-151.06952"><ele>6187.1</ele><time>2026-08-08T00:30:17Z</time></trkpt>
  <trkpt lat="63.10725" lon="-151.06990"><ele>6186.5</ele><time>2026-08-08T00:30:18Z</time></trkpt>
  <trkpt lat="63.10678" lon="-151.07019"><ele>6185.0</ele><time>2026-08-08T00:30:19Z</time></trkpt>
  <trkpt lat="63.10629" lon="-151.07039"><ele>6183.5</ele><time>2026-08-08T00:30:20Z</time></trkpt>
  <trkpt lat="63.10579" lon="-151.07050"><ele>6181.3</ele><time>2026-08-08T00:30:21Z</time></trkpt>
  <trkpt lat="63.10527" lon="-151.07052"><ele>6179.5</ele><time>2026-08-08T00:30:22Z</time></trkpt>
  <trkpt lat="63.10474" lon="-151.07045"><ele>6178.0</ele><time>2026-08-08T00:30:23Z</time></trkpt>
  <trkpt lat="63.10420" lon="-151.07027"><ele>6176.8</ele><time>2026-08-08T00:30:24Z</time></trkpt>
  <trkpt lat="63.10368" lon="-151.07001"><ele>6176.8</ele><time>2026-08-08T00:30:25Z</time></trkpt>
  <trkpt lat="63.10316" lon="-151.06964"><ele>6177.4</ele><time>2026-08-08T00:30:26Z</time></trkpt>
  <trkpt lat="63.10266" lon="-151.06918"><ele>6178.6</ele><time>2026-08-08T00:30:27Z</time></trkpt>
  <trkpt lat="63.10217" lon="-151.06863"><ele>6179.5</ele><time>2026-08-08T00:30:28Z</time></trkpt>
  <trkpt lat="63.10170" lon="-151.06803"><ele>6180.4</ele><time>2026-08-08T00:30:29Z</time></trkpt>
  <trkpt lat="63.10123" lon="-151.06734"><ele>6181.6</ele><time>2026-08-08T00:30:30Z</time></trkpt>
  <trkpt lat="63.10078" lon="-151.06658"><ele>6183.5</ele><time>2026-08-08T00:30:31Z</time></trkpt>
  <trkpt lat="63.10033" lon="-151.06576"><ele>6185.9</ele><time>2026-08-08T00:30:32Z</time></trkpt>
  <trkpt lat="63.09991" lon="-151.06491"><ele>6188.4</ele><time>2026-08-08T00:30:33Z</time></trkpt>
  <trkpt lat="63.09952" lon="-151.06403"><ele>6190.8</ele><time>2026-08-08T00:30:34Z</time></trkpt>
  <trkpt lat="63.09913" lon="-151.06311"><ele>6193.2</ele><time>2026-08-08T00:30:35Z</time></trkpt>
  <trkpt lat="63.09875" lon="-151.06216"><ele>6195.1</ele><time>2026-08-08T00:30:36Z</time></trkpt>
  <trkpt lat="63.09837" lon="-151.06119"><ele>6196.9</ele><time>2026-08-08T00:30:37Z</time></trkpt>
  <trkpt lat="63.09800" lon="-151.06020"><ele>6198.4</ele><time>2026-08-08T00:30:38Z</time></trkpt>
  <trkpt lat="63.09761" lon="-151.05917"><ele>6199.6</ele><time>2026-08-08T00:30:39Z</time></trkpt>
  <trkpt lat="63.09721" lon="-151.05811"><ele>6200.9</ele><time>2026-08-08T00:30:40Z</time></trkpt>
  <trkpt lat="63.09680" lon="-151.05704"><ele>6201.5</ele><time>2026-08-08T00:30:41Z</time></trkpt>
  <trkpt lat="63.09640" lon="-151.05599"><ele>6202.4</ele><time>2026-08-08T00:30:42Z</time></trkpt>
  <trkpt lat="63.09599" lon="-151.05494"><ele>6202.7</ele><time>2026-08-08T00:30:43Z</time></trkpt>
  <trkpt lat="63.09558" lon="-151.05388"><ele>6202.7</ele><time>2026-08-08T00:30:44Z</time></trkpt>
  <trkpt lat="63.09517" lon="-151.05283"><ele>6202.7</ele><time>2026-08-08T00:30:45Z</time></trkpt>
  <trkpt lat="63.09476" lon="-151.05180"><ele>6202.7</ele><time>2026-08-08T00:30:46Z</time></trkpt>
  <trkpt lat="63.09436" lon="-151.05081"><ele>6203.0</ele><time>2026-08-08T00:30:47Z</time></trkpt>
  <trkpt lat="63.09397" lon="-151.04986"><ele>6203.6</ele><time>2026-08-08T00:30:48Z</time></trkpt>
  <trkpt lat="63.09357" lon="-151.04893"><ele>6204.5</ele><time>2026-08-08T00:30:49Z</time></trkpt>
  <trkpt lat="63.09317" lon="-151.04804"><ele>6206.0</ele><time>2026-08-08T00:30:50Z</time></trkpt>
  <trkpt lat="63.09276" lon="-151.04722"><ele>6206.9</ele><time>2026-08-08T00:30:51Z</time></trkpt>
  <trkpt lat="63.09234" lon="-151.04645"><ele>6207.3</ele><time>2026-08-08T00:30:52Z</time></trkpt>
  <trkpt lat="63.09190" lon="-151.04571"><ele>6206.6</ele><time>2026-08-08T00:30:53Z</time></trkpt>
  <trkpt lat="63.09145" lon="-151.04498"><ele>6206.0</ele><time>2026-08-08T00:30:54Z</time></trkpt>
  <trkpt lat="63.09099" lon="-151.04429"><ele>6205.7</ele><time>2026-08-08T00:30:55Z</time></trkpt>
  <trkpt lat="63.09053" lon="-151.04362"><ele>6206.6</ele><time>2026-08-08T00:30:56Z</time></trkpt>
  <trkpt lat="63.09007" lon="-151.04299"><ele>6208.5</ele><time>2026-08-08T00:30:57Z</time></trkpt>
  <trkpt lat="63.08960" lon="-151.04239"><ele>6210.9</ele><time>2026-08-08T00:30:58Z</time></trkpt>
  <trkpt lat="63.08914" lon="-151.04182"><ele>6213.0</ele><time>2026-08-08T00:30:59Z</time></trkpt>
  <trkpt lat="63.08867" lon="-151.04127"><ele>6214.9</ele><time>2026-08-08T00:31:00Z</time></trkpt>
  <trkpt lat="63.08820" lon="-151.04076"><ele>6216.4</ele><time>2026-08-08T00:31:01Z</time></trkpt>
  <trkpt lat="63.08776" lon="-151.04029"><ele>6217.3</ele><time>2026-08-08T00:31:02Z</time></trkpt>
  <trkpt lat="63.08733" lon="-151.03987"><ele>6217.6</ele><time>2026-08-08T00:31:03Z</time></trkpt>
  <trkpt lat="63.08687" lon="-151.03943"><ele>6217.6</ele><time>2026-08-08T00:31:04Z</time></trkpt>
  <trkpt lat="63.08635" lon="-151.03894"><ele>6217.9</ele><time>2026-08-08T00:31:05Z</time></trkpt>
  <trkpt lat="63.08580" lon="-151.03844"><ele>6218.2</ele><time>2026-08-08T00:31:06Z</time></trkpt>
  <trkpt lat="63.08529" lon="-151.03797"><ele>6218.8</ele><time>2026-08-08T00:31:07Z</time></trkpt>
  <trkpt lat="63.08481" lon="-151.03753"><ele>6219.7</ele><time>2026-08-08T00:31:08Z</time></trkpt>
  <trkpt lat="63.08434" lon="-151.03709"><ele>6221.0</ele><time>2026-08-08T00:31:09Z</time></trkpt>
  <trkpt lat="63.08383" lon="-151.03662"><ele>6222.2</ele><time>2026-08-08T00:31:10Z</time></trkpt>
  <trkpt lat="63.08331" lon="-151.03614"><ele>6223.7</ele><time>2026-08-08T00:31:11Z</time></trkpt>
  <trkpt lat="63.08276" lon="-151.03564"><ele>6224.9</ele><time>2026-08-08T00:31:12Z</time></trkpt>
  <trkpt lat="63.08221" lon="-151.03513"><ele>6226.5</ele><time>2026-08-08T00:31:13Z</time></trkpt>
  <trkpt lat="63.08166" lon="-151.03462"><ele>6228.0</ele><time>2026-08-08T00:31:14Z</time></trkpt>
  <trkpt lat="63.08112" lon="-151.03412"><ele>6229.2</ele><time>2026-08-08T00:31:15Z</time></trkpt>
  <trkpt lat="63.08060" lon="-151.03364"><ele>6230.4</ele><time>2026-08-08T00:31:16Z</time></trkpt>
  <trkpt lat="63.08011" lon="-151.03316"><ele>6231.6</ele><time>2026-08-08T00:31:17Z</time></trkpt>
  <trkpt lat="63.07961" lon="-151.03269"><ele>6232.6</ele><time>2026-08-08T00:31:18Z</time></trkpt>
  <trkpt lat="63.07909" lon="-151.03218"><ele>6233.2</ele><time>2026-08-08T00:31:19Z</time></trkpt>
  <trkpt lat="63.07856" lon="-151.03164"><ele>6233.8</ele><time>2026-08-08T00:31:20Z</time></trkpt>
  <trkpt lat="63.07804" lon="-151.03110"><ele>6233.8</ele><time>2026-08-08T00:31:21Z</time></trkpt>
  <trkpt lat="63.07755" lon="-151.03058"><ele>6234.1</ele><time>2026-08-08T00:31:22Z</time></trkpt>
  <trkpt lat="63.07709" lon="-151.03009"><ele>6233.8</ele><time>2026-08-08T00:31:23Z</time></trkpt>
  <trkpt lat="63.07666" lon="-151.02960"><ele>6233.8</ele><time>2026-08-08T00:31:24Z</time></trkpt>
  <trkpt lat="63.07622" lon="-151.02912"><ele>6233.5</ele><time>2026-08-08T00:31:25Z</time></trkpt>
  <trkpt lat="63.07577" lon="-151.02860"><ele>6233.2</ele><time>2026-08-08T00:31:26Z</time></trkpt>
  <trkpt lat="63.07530" lon="-151.02805"><ele>6233.2</ele><time>2026-08-08T00:31:27Z</time></trkpt>
  <trkpt lat="63.07482" lon="-151.02747"><ele>6233.2</ele><time>2026-08-08T00:31:28Z</time></trkpt>
  <trkpt lat="63.07435" lon="-151.02689"><ele>6233.2</ele><time>2026-08-08T00:31:29Z</time></trkpt>
  <trkpt lat="63.07389" lon="-151.02631"><ele>6233.2</ele><time>2026-08-08T00:31:30Z</time></trkpt>
  <trkpt lat="63.07342" lon="-151.02572"><ele>6233.2</ele><time>2026-08-08T00:31:31Z</time></trkpt>
  <trkpt lat="63.07295" lon="-151.02512"><ele>6233.2</ele><time>2026-08-08T00:31:32Z</time></trkpt>
  <trkpt lat="63.07246" lon="-151.02451"><ele>6233.2</ele><time>2026-08-08T00:31:33Z</time></trkpt>
  <trkpt lat="63.07197" lon="-151.02388"><ele>6233.2</ele><time>2026-08-08T00:31:34Z</time></trkpt>
  <trkpt lat="63.07149" lon="-151.02327"><ele>6233.2</ele><time>2026-08-08T00:31:35Z</time></trkpt>
  <trkpt lat="63.07101" lon="-151.02267"><ele>6233.2</ele><time>2026-08-08T00:31:36Z</time></trkpt>
  <trkpt lat="63.07054" lon="-151.02210"><ele>6233.2</ele><time>2026-08-08T00:31:37Z</time></trkpt>
  <trkpt lat="63.07005" lon="-151.02155"><ele>6233.2</ele><time>2026-08-08T00:31:38Z</time></trkpt>
  <trkpt lat="63.06955" lon="-151.02103"><ele>6232.6</ele><time>2026-08-08T00:31:39Z</time></trkpt>
  <trkpt lat="63.06905" lon="-151.02057"><ele>6231.6</ele><time>2026-08-08T00:31:40Z</time></trkpt>
  <trkpt lat="63.06855" lon="-151.02018"><ele>6230.1</ele><time>2026-08-08T00:31:41Z</time></trkpt>
  <trkpt lat="63.06806" lon="-151.01986"><ele>6227.7</ele><time>2026-08-08T00:31:42Z</time></trkpt>
  <trkpt lat="63.06756" lon="-151.01961"><ele>6224.6</ele><time>2026-08-08T00:31:43Z</time></trkpt>
  <trkpt lat="63.06706" lon="-151.01942"><ele>6221.3</ele><time>2026-08-08T00:31:44Z</time></trkpt>
  <trkpt lat="63.06654" lon="-151.01929"><ele>6216.7</ele><time>2026-08-08T00:31:45Z</time></trkpt>
  <trkpt lat="63.06601" lon="-151.01922"><ele>6211.8</ele><time>2026-08-08T00:31:46Z</time></trkpt>
  <trkpt lat="63.06550" lon="-151.01923"><ele>6206.6</ele><time>2026-08-08T00:31:47Z</time></trkpt>
  <trkpt lat="63.06499" lon="-151.01931"><ele>6202.1</ele><time>2026-08-08T00:31:48Z</time></trkpt>
  <trkpt lat="63.06449" lon="-151.01948"><ele>6197.8</ele><time>2026-08-08T00:31:49Z</time></trkpt>
  <trkpt lat="63.06398" lon="-151.01973"><ele>6193.8</ele><time>2026-08-08T00:31:50Z</time></trkpt>
  <trkpt lat="63.06349" lon="-151.02004"><ele>6190.2</ele><time>2026-08-08T00:31:51Z</time></trkpt>
  <trkpt lat="63.06302" lon="-151.02042"><ele>6186.5</ele><time>2026-08-08T00:31:52Z</time></trkpt>
  <trkpt lat="63.06258" lon="-151.02086"><ele>6183.2</ele><time>2026-08-08T00:31:53Z</time></trkpt>
  <trkpt lat="63.06216" lon="-151.02136"><ele>6179.5</ele><time>2026-08-08T00:31:54Z</time></trkpt>
  <trkpt lat="63.06176" lon="-151.02193"><ele>6175.9</ele><time>2026-08-08T00:31:55Z</time></trkpt>
  <trkpt lat="63.06139" lon="-151.02256"><ele>6171.9</ele><time>2026-08-08T00:31:56Z</time></trkpt>
  <trkpt lat="63.06105" lon="-151.02323"><ele>6167.9</ele><time>2026-08-08T00:31:57Z</time></trkpt>
  <trkpt lat="63.06075" lon="-151.02394"><ele>6163.7</ele><time>2026-08-08T00:31:58Z</time></trkpt>
  <trkpt lat="63.06048" lon="-151.02469"><ele>6159.4</ele><time>2026-08-08T00:31:59Z</time></trkpt>
  <trkpt lat="63.06024" lon="-151.02548"><ele>6155.4</ele><time>2026-08-08T00:32:00Z</time></trkpt>
  <trkpt lat="63.06004" lon="-151.02630"><ele>6151.5</ele><time>2026-08-08T00:32:01Z</time></trkpt>
  <trkpt lat="63.05988" lon="-151.02715"><ele>6147.2</ele><time>2026-08-08T00:32:02Z</time></trkpt>
  <trkpt lat="63.05974" lon="-151.02803"><ele>6141.4</ele><time>2026-08-08T00:32:03Z</time></trkpt>
  <trkpt lat="63.05964" lon="-151.02895"><ele>6134.1</ele><time>2026-08-08T00:32:04Z</time></trkpt>
  <trkpt lat="63.05957" lon="-151.02988"><ele>6125.6</ele><time>2026-08-08T00:32:05Z</time></trkpt>
  <trkpt lat="63.05954" lon="-151.03082"><ele>6116.7</ele><time>2026-08-08T00:32:06Z</time></trkpt>
  <trkpt lat="63.05955" lon="-151.03175"><ele>6108.5</ele><time>2026-08-08T00:32:07Z</time></trkpt>
  <trkpt lat="63.05960" lon="-151.03269"><ele>6101.2</ele><time>2026-08-08T00:32:08Z</time></trkpt>
  <trkpt lat="63.05968" lon="-151.03360"><ele>6094.5</ele><time>2026-08-08T00:32:09Z</time></trkpt>
  <trkpt lat="63.05980" lon="-151.03449"><ele>6088.4</ele><time>2026-08-08T00:32:10Z</time></trkpt>
  <trkpt lat="63.05995" lon="-151.03536"><ele>6082.6</ele><time>2026-08-08T00:32:11Z</time></trkpt>
  <trkpt lat="63.06013" lon="-151.03623"><ele>6076.2</ele><time>2026-08-08T00:32:12Z</time></trkpt>
  <trkpt lat="63.06034" lon="-151.03711"><ele>6068.9</ele><time>2026-08-08T00:32:13Z</time></trkpt>
  <trkpt lat="63.06058" lon="-151.03796"><ele>6060.6</ele><time>2026-08-08T00:32:14Z</time></trkpt>
  <trkpt lat="63.06084" lon="-151.03876"><ele>6052.1</ele><time>2026-08-08T00:32:15Z</time></trkpt>
  <trkpt lat="63.06112" lon="-151.03952"><ele>6043.9</ele><time>2026-08-08T00:32:16Z</time></trkpt>
  <trkpt lat="63.06142" lon="-151.04026"><ele>6036.6</ele><time>2026-08-08T00:32:17Z</time></trkpt>
  <trkpt lat="63.06174" lon="-151.04101"><ele>6030.8</ele><time>2026-08-08T00:32:18Z</time></trkpt>
  <trkpt lat="63.06207" lon="-151.04179"><ele>6025.6</ele><time>2026-08-08T00:32:19Z</time></trkpt>
  <trkpt lat="63.06241" lon="-151.04260"><ele>6021.3</ele><time>2026-08-08T00:32:20Z</time></trkpt>
  <trkpt lat="63.06275" lon="-151.04339"><ele>6018.0</ele><time>2026-08-08T00:32:21Z</time></trkpt>
  <trkpt lat="63.06306" lon="-151.04414"><ele>6014.6</ele><time>2026-08-08T00:32:22Z</time></trkpt>
  <trkpt lat="63.06332" lon="-151.04484"><ele>6011.9</ele><time>2026-08-08T00:32:23Z</time></trkpt>
  <trkpt lat="63.06355" lon="-151.04555"><ele>6009.1</ele><time>2026-08-08T00:32:24Z</time></trkpt>
  <trkpt lat="63.06376" lon="-151.04633"><ele>6006.1</ele><time>2026-08-08T00:32:25Z</time></trkpt>
  <trkpt lat="63.06395" lon="-151.04715"><ele>6002.7</ele><time>2026-08-08T00:32:26Z</time></trkpt>
  <trkpt lat="63.06410" lon="-151.04800"><ele>5999.1</ele><time>2026-08-08T00:32:27Z</time></trkpt>
  <trkpt lat="63.06421" lon="-151.04886"><ele>5995.7</ele><time>2026-08-08T00:32:28Z</time></trkpt>
  <trkpt lat="63.06428" lon="-151.04977"><ele>5992.1</ele><time>2026-08-08T00:32:29Z</time></trkpt>
  <trkpt lat="63.06432" lon="-151.05071"><ele>5987.5</ele><time>2026-08-08T00:32:30Z</time></trkpt>
  <trkpt lat="63.06431" lon="-151.05165"><ele>5982.0</ele><time>2026-08-08T00:32:31Z</time></trkpt>
  <trkpt lat="63.06425" lon="-151.05256"><ele>5976.2</ele><time>2026-08-08T00:32:32Z</time></trkpt>
  <trkpt lat="63.06415" lon="-151.05345"><ele>5969.8</ele><time>2026-08-08T00:32:33Z</time></trkpt>
  <trkpt lat="63.06399" lon="-151.05432"><ele>5964.0</ele><time>2026-08-08T00:32:34Z</time></trkpt>
  <trkpt lat="63.06379" lon="-151.05519"><ele>5958.5</ele><time>2026-08-08T00:32:35Z</time></trkpt>
  <trkpt lat="63.06354" lon="-151.05601"><ele>5953.0</ele><time>2026-08-08T00:32:36Z</time></trkpt>
  <trkpt lat="63.06326" lon="-151.05676"><ele>5947.6</ele><time>2026-08-08T00:32:37Z</time></trkpt>
  <trkpt lat="63.06295" lon="-151.05743"><ele>5941.8</ele><time>2026-08-08T00:32:38Z</time></trkpt>
  <trkpt lat="63.06258" lon="-151.05805"><ele>5935.4</ele><time>2026-08-08T00:32:39Z</time></trkpt>
  <trkpt lat="63.06217" lon="-151.05862"><ele>5929.6</ele><time>2026-08-08T00:32:40Z</time></trkpt>
  <trkpt lat="63.06174" lon="-151.05911"><ele>5924.1</ele><time>2026-08-08T00:32:41Z</time></trkpt>
  <trkpt lat="63.06129" lon="-151.05952"><ele>5918.9</ele><time>2026-08-08T00:32:42Z</time></trkpt>
  <trkpt lat="63.06082" lon="-151.05983"><ele>5914.3</ele><time>2026-08-08T00:32:43Z</time></trkpt>
  <trkpt lat="63.06033" lon="-151.06004"><ele>5909.8</ele><time>2026-08-08T00:32:44Z</time></trkpt>
  <trkpt lat="63.05980" lon="-151.06015"><ele>5905.2</ele><time>2026-08-08T00:32:45Z</time></trkpt>
  <trkpt lat="63.05926" lon="-151.06017"><ele>5900.6</ele><time>2026-08-08T00:32:46Z</time></trkpt>
  <trkpt lat="63.05872" lon="-151.06007"><ele>5896.1</ele><time>2026-08-08T00:32:47Z</time></trkpt>
  <trkpt lat="63.05822" lon="-151.05983"><ele>5891.8</ele><time>2026-08-08T00:32:48Z</time></trkpt>
  <trkpt lat="63.05771" lon="-151.05943"><ele>5887.8</ele><time>2026-08-08T00:32:49Z</time></trkpt>
  <trkpt lat="63.05716" lon="-151.05891"><ele>5883.9</ele><time>2026-08-08T00:32:50Z</time></trkpt>
  <trkpt lat="63.05658" lon="-151.05832"><ele>5880.2</ele><time>2026-08-08T00:32:51Z</time></trkpt>
  <trkpt lat="63.05602" lon="-151.05770"><ele>5876.2</ele><time>2026-08-08T00:32:52Z</time></trkpt>
  <trkpt lat="63.05551" lon="-151.05702"><ele>5872.3</ele><time>2026-08-08T00:32:53Z</time></trkpt>
  <trkpt lat="63.05505" lon="-151.05626"><ele>5868.3</ele><time>2026-08-08T00:32:54Z</time></trkpt>
  <trkpt lat="63.05462" lon="-151.05541"><ele>5865.0</ele><time>2026-08-08T00:32:55Z</time></trkpt>
  <trkpt lat="63.05422" lon="-151.05450"><ele>5862.2</ele><time>2026-08-08T00:32:56Z</time></trkpt>
  <trkpt lat="63.05385" lon="-151.05357"><ele>5859.8</ele><time>2026-08-08T00:32:57Z</time></trkpt>
  <trkpt lat="63.05353" lon="-151.05264"><ele>5857.3</ele><time>2026-08-08T00:32:58Z</time></trkpt>
  <trkpt lat="63.05322" lon="-151.05166"><ele>5854.6</ele><time>2026-08-08T00:32:59Z</time></trkpt>
  <trkpt lat="63.05290" lon="-151.05057"><ele>5850.9</ele><time>2026-08-08T00:33:00Z</time></trkpt>
  <trkpt lat="63.05256" lon="-151.04940"><ele>5847.0</ele><time>2026-08-08T00:33:01Z</time></trkpt>
  <trkpt lat="63.05221" lon="-151.04822"><ele>5842.7</ele><time>2026-08-08T00:33:02Z</time></trkpt>
  <trkpt lat="63.05187" lon="-151.04705"><ele>5838.7</ele><time>2026-08-08T00:33:03Z</time></trkpt>
  <trkpt lat="63.05152" lon="-151.04585"><ele>5834.8</ele><time>2026-08-08T00:33:04Z</time></trkpt>
  <trkpt lat="63.05115" lon="-151.04461"><ele>5831.1</ele><time>2026-08-08T00:33:05Z</time></trkpt>
  <trkpt lat="63.05078" lon="-151.04336"><ele>5826.9</ele><time>2026-08-08T00:33:06Z</time></trkpt>
  <trkpt lat="63.05042" lon="-151.04216"><ele>5822.6</ele><time>2026-08-08T00:33:07Z</time></trkpt>
  <trkpt lat="63.05006" lon="-151.04101"><ele>5817.4</ele><time>2026-08-08T00:33:08Z</time></trkpt>
  <trkpt lat="63.04968" lon="-151.03988"><ele>5811.0</ele><time>2026-08-08T00:33:09Z</time></trkpt>
  <trkpt lat="63.04927" lon="-151.03878"><ele>5803.4</ele><time>2026-08-08T00:33:10Z</time></trkpt>
  <trkpt lat="63.04886" lon="-151.03777"><ele>5794.6</ele><time>2026-08-08T00:33:11Z</time></trkpt>
  <trkpt lat="63.04845" lon="-151.03687"><ele>5785.7</ele><time>2026-08-08T00:33:12Z</time></trkpt>
  <trkpt lat="63.04804" lon="-151.03604"><ele>5777.2</ele><time>2026-08-08T00:33:13Z</time></trkpt>
  <trkpt lat="63.04761" lon="-151.03522"><ele>5768.9</ele><time>2026-08-08T00:33:14Z</time></trkpt>
  <trkpt lat="63.04716" lon="-151.03441"><ele>5761.0</ele><time>2026-08-08T00:33:15Z</time></trkpt>
  <trkpt lat="63.04668" lon="-151.03360"><ele>5753.4</ele><time>2026-08-08T00:33:16Z</time></trkpt>
  <trkpt lat="63.04617" lon="-151.03279"><ele>5745.5</ele><time>2026-08-08T00:33:17Z</time></trkpt>
  <trkpt lat="63.04564" lon="-151.03201"><ele>5737.9</ele><time>2026-08-08T00:33:18Z</time></trkpt>
  <trkpt lat="63.04510" lon="-151.03125"><ele>5730.5</ele><time>2026-08-08T00:33:19Z</time></trkpt>
  <trkpt lat="63.04455" lon="-151.03052"><ele>5723.8</ele><time>2026-08-08T00:33:20Z</time></trkpt>
  <trkpt lat="63.04400" lon="-151.02984"><ele>5717.7</ele><time>2026-08-08T00:33:21Z</time></trkpt>
  <trkpt lat="63.04345" lon="-151.02919"><ele>5712.6</ele><time>2026-08-08T00:33:22Z</time></trkpt>
  <trkpt lat="63.04290" lon="-151.02858"><ele>5707.7</ele><time>2026-08-08T00:33:23Z</time></trkpt>
  <trkpt lat="63.04234" lon="-151.02803"><ele>5703.1</ele><time>2026-08-08T00:33:24Z</time></trkpt>
  <trkpt lat="63.04179" lon="-151.02751"><ele>5698.8</ele><time>2026-08-08T00:33:25Z</time></trkpt>
  <trkpt lat="63.04123" lon="-151.02702"><ele>5694.9</ele><time>2026-08-08T00:33:26Z</time></trkpt>
  <trkpt lat="63.04067" lon="-151.02655"><ele>5690.9</ele><time>2026-08-08T00:33:27Z</time></trkpt>
  <trkpt lat="63.04011" lon="-151.02611"><ele>5687.3</ele><time>2026-08-08T00:33:28Z</time></trkpt>
  <trkpt lat="63.03953" lon="-151.02568"><ele>5683.6</ele><time>2026-08-08T00:33:29Z</time></trkpt>
  <trkpt lat="63.03895" lon="-151.02527"><ele>5679.9</ele><time>2026-08-08T00:33:30Z</time></trkpt>
  <trkpt lat="63.03839" lon="-151.02489"><ele>5675.7</ele><time>2026-08-08T00:33:31Z</time></trkpt>
  <trkpt lat="63.03786" lon="-151.02456"><ele>5671.4</ele><time>2026-08-08T00:33:32Z</time></trkpt>
  <trkpt lat="63.03734" lon="-151.02426"><ele>5666.8</ele><time>2026-08-08T00:33:33Z</time></trkpt>
  <trkpt lat="63.03680" lon="-151.02395"><ele>5662.0</ele><time>2026-08-08T00:33:34Z</time></trkpt>
  <trkpt lat="63.03621" lon="-151.02363"><ele>5656.8</ele><time>2026-08-08T00:33:35Z</time></trkpt>
  <trkpt lat="63.03560" lon="-151.02330"><ele>5651.3</ele><time>2026-08-08T00:33:36Z</time></trkpt>
  <trkpt lat="63.03499" lon="-151.02298"><ele>5645.5</ele><time>2026-08-08T00:33:37Z</time></trkpt>
  <trkpt lat="63.03441" lon="-151.02268"><ele>5639.7</ele><time>2026-08-08T00:33:38Z</time></trkpt>
  <trkpt lat="63.03384" lon="-151.02238"><ele>5633.9</ele><time>2026-08-08T00:33:39Z</time></trkpt>
  <trkpt lat="63.03325" lon="-151.02208"><ele>5628.1</ele><time>2026-08-08T00:33:40Z</time></trkpt>
  <trkpt lat="63.03264" lon="-151.02177"><ele>5622.0</ele><time>2026-08-08T00:33:41Z</time></trkpt>
  <trkpt lat="63.03202" lon="-151.02145"><ele>5615.9</ele><time>2026-08-08T00:33:42Z</time></trkpt>
  <trkpt lat="63.03138" lon="-151.02112"><ele>5609.5</ele><time>2026-08-08T00:33:43Z</time></trkpt>
  <trkpt lat="63.03074" lon="-151.02080"><ele>5603.4</ele><time>2026-08-08T00:33:44Z</time></trkpt>
  <trkpt lat="63.03010" lon="-151.02047"><ele>5597.0</ele><time>2026-08-08T00:33:45Z</time></trkpt>
  <trkpt lat="63.02947" lon="-151.02015"><ele>5591.3</ele><time>2026-08-08T00:33:46Z</time></trkpt>
  <trkpt lat="63.02884" lon="-151.01984"><ele>5585.2</ele><time>2026-08-08T00:33:47Z</time></trkpt>
  <trkpt lat="63.02822" lon="-151.01953"><ele>5579.7</ele><time>2026-08-08T00:33:48Z</time></trkpt>
  <trkpt lat="63.02758" lon="-151.01922"><ele>5573.9</ele><time>2026-08-08T00:33:49Z</time></trkpt>
  <trkpt lat="63.02693" lon="-151.01890"><ele>5568.4</ele><time>2026-08-08T00:33:50Z</time></trkpt>
  <trkpt lat="63.02628" lon="-151.01859"><ele>5562.9</ele><time>2026-08-08T00:33:51Z</time></trkpt>
  <trkpt lat="63.02564" lon="-151.01827"><ele>5557.4</ele><time>2026-08-08T00:33:52Z</time></trkpt>
  <trkpt lat="63.02501" lon="-151.01797"><ele>5552.2</ele><time>2026-08-08T00:33:53Z</time></trkpt>
  <trkpt lat="63.02441" lon="-151.01767"><ele>5547.1</ele><time>2026-08-08T00:33:54Z</time></trkpt>
  <trkpt lat="63.02385" lon="-151.01739"><ele>5542.2</ele><time>2026-08-08T00:33:55Z</time></trkpt>
  <trkpt lat="63.02330" lon="-151.01711"><ele>5537.0</ele><time>2026-08-08T00:33:56Z</time></trkpt>
  <trkpt lat="63.02272" lon="-151.01678"><ele>5531.2</ele><time>2026-08-08T00:33:57Z</time></trkpt>
  <trkpt lat="63.02212" lon="-151.01641"><ele>5525.1</ele><time>2026-08-08T00:33:58Z</time></trkpt>
  <trkpt lat="63.02155" lon="-151.01599"><ele>5518.1</ele><time>2026-08-08T00:33:59Z</time></trkpt>
  <trkpt lat="63.02101" lon="-151.01553"><ele>5510.5</ele><time>2026-08-08T00:34:00Z</time></trkpt>
  <trkpt lat="63.02048" lon="-151.01503"><ele>5502.9</ele><time>2026-08-08T00:34:01Z</time></trkpt>
  <trkpt lat="63.01993" lon="-151.01445"><ele>5494.9</ele><time>2026-08-08T00:34:02Z</time></trkpt>
  <trkpt lat="63.01937" lon="-151.01379"><ele>5487.3</ele><time>2026-08-08T00:34:03Z</time></trkpt>
  <trkpt lat="63.01883" lon="-151.01307"><ele>5480.3</ele><time>2026-08-08T00:34:04Z</time></trkpt>
  <trkpt lat="63.01829" lon="-151.01228"><ele>5473.9</ele><time>2026-08-08T00:34:05Z</time></trkpt>
  <trkpt lat="63.01778" lon="-151.01143"><ele>5467.5</ele><time>2026-08-08T00:34:06Z</time></trkpt>
  <trkpt lat="63.01728" lon="-151.01053"><ele>5461.1</ele><time>2026-08-08T00:34:07Z</time></trkpt>
  <trkpt lat="63.01680" lon="-151.00955"><ele>5454.4</ele><time>2026-08-08T00:34:08Z</time></trkpt>
  <trkpt lat="63.01634" lon="-151.00852"><ele>5447.1</ele><time>2026-08-08T00:34:09Z</time></trkpt>
  <trkpt lat="63.01591" lon="-151.00745"><ele>5440.1</ele><time>2026-08-08T00:34:10Z</time></trkpt>
  <trkpt lat="63.01551" lon="-151.00637"><ele>5432.8</ele><time>2026-08-08T00:34:11Z</time></trkpt>
  <trkpt lat="63.01515" lon="-151.00524"><ele>5425.7</ele><time>2026-08-08T00:34:12Z</time></trkpt>
  <trkpt lat="63.01481" lon="-151.00405"><ele>5418.7</ele><time>2026-08-08T00:34:13Z</time></trkpt>
  <trkpt lat="63.01450" lon="-151.00276"><ele>5411.4</ele><time>2026-08-08T00:34:14Z</time></trkpt>
  <trkpt lat="63.01422" lon="-151.00138"><ele>5403.5</ele><time>2026-08-08T00:34:15Z</time></trkpt>
  <trkpt lat="63.01397" lon="-150.99992"><ele>5395.9</ele><time>2026-08-08T00:34:16Z</time></trkpt>
  <trkpt lat="63.01375" lon="-150.99841"><ele>5388.9</ele><time>2026-08-08T00:34:17Z</time></trkpt>
  <trkpt lat="63.01358" lon="-150.99689"><ele>5382.5</ele><time>2026-08-08T00:34:18Z</time></trkpt>
  <trkpt lat="63.01345" lon="-150.99542"><ele>5376.4</ele><time>2026-08-08T00:34:19Z</time></trkpt>
  <trkpt lat="63.01336" lon="-150.99400"><ele>5370.3</ele><time>2026-08-08T00:34:20Z</time></trkpt>
  <trkpt lat="63.01333" lon="-150.99258"><ele>5363.9</ele><time>2026-08-08T00:34:21Z</time></trkpt>
  <trkpt lat="63.01333" lon="-150.99114"><ele>5357.8</ele><time>2026-08-08T00:34:22Z</time></trkpt>
  <trkpt lat="63.01337" lon="-150.98970"><ele>5352.3</ele><time>2026-08-08T00:34:23Z</time></trkpt>
  <trkpt lat="63.01343" lon="-150.98829"><ele>5347.4</ele><time>2026-08-08T00:34:24Z</time></trkpt>
  <trkpt lat="63.01352" lon="-150.98694"><ele>5342.2</ele><time>2026-08-08T00:34:25Z</time></trkpt>
  <trkpt lat="63.01364" lon="-150.98562"><ele>5336.4</ele><time>2026-08-08T00:34:26Z</time></trkpt>
  <trkpt lat="63.01378" lon="-150.98430"><ele>5329.7</ele><time>2026-08-08T00:34:27Z</time></trkpt>
  <trkpt lat="63.01396" lon="-150.98297"><ele>5323.0</ele><time>2026-08-08T00:34:28Z</time></trkpt>
  <trkpt lat="63.01416" lon="-150.98162"><ele>5316.9</ele><time>2026-08-08T00:34:29Z</time></trkpt>
  <trkpt lat="63.01439" lon="-150.98025"><ele>5311.4</ele><time>2026-08-08T00:34:30Z</time></trkpt>
  <trkpt lat="63.01463" lon="-150.97889"><ele>5306.6</ele><time>2026-08-08T00:34:31Z</time></trkpt>
  <trkpt lat="63.01486" lon="-150.97754"><ele>5302.0</ele><time>2026-08-08T00:34:32Z</time></trkpt>
  <trkpt lat="63.01508" lon="-150.97622"><ele>5297.7</ele><time>2026-08-08T00:34:33Z</time></trkpt>
  <trkpt lat="63.01528" lon="-150.97492"><ele>5293.2</ele><time>2026-08-08T00:34:34Z</time></trkpt>
  <trkpt lat="63.01547" lon="-150.97362"><ele>5288.3</ele><time>2026-08-08T00:34:35Z</time></trkpt>
  <trkpt lat="63.01563" lon="-150.97232"><ele>5283.1</ele><time>2026-08-08T00:34:36Z</time></trkpt>
  <trkpt lat="63.01576" lon="-150.97102"><ele>5277.9</ele><time>2026-08-08T00:34:37Z</time></trkpt>
  <trkpt lat="63.01585" lon="-150.96973"><ele>5271.8</ele><time>2026-08-08T00:34:38Z</time></trkpt>
  <trkpt lat="63.01592" lon="-150.96843"><ele>5264.5</ele><time>2026-08-08T00:34:39Z</time></trkpt>
  <trkpt lat="63.01595" lon="-150.96707"><ele>5256.0</ele><time>2026-08-08T00:34:40Z</time></trkpt>
  <trkpt lat="63.01596" lon="-150.96568"><ele>5246.5</ele><time>2026-08-08T00:34:41Z</time></trkpt>
  <trkpt lat="63.01594" lon="-150.96429"><ele>5236.8</ele><time>2026-08-08T00:34:42Z</time></trkpt>
  <trkpt lat="63.01588" lon="-150.96291"><ele>5227.3</ele><time>2026-08-08T00:34:43Z</time></trkpt>
  <trkpt lat="63.01579" lon="-150.96150"><ele>5217.6</ele><time>2026-08-08T00:34:44Z</time></trkpt>
  <trkpt lat="63.01565" lon="-150.96009"><ele>5207.8</ele><time>2026-08-08T00:34:45Z</time></trkpt>
  <trkpt lat="63.01549" lon="-150.95871"><ele>5198.4</ele><time>2026-08-08T00:34:46Z</time></trkpt>
  <trkpt lat="63.01529" lon="-150.95739"><ele>5189.8</ele><time>2026-08-08T00:34:47Z</time></trkpt>
  <trkpt lat="63.01506" lon="-150.95610"><ele>5182.2</ele><time>2026-08-08T00:34:48Z</time></trkpt>
  <trkpt lat="63.01479" lon="-150.95483"><ele>5174.9</ele><time>2026-08-08T00:34:49Z</time></trkpt>
  <trkpt lat="63.01448" lon="-150.95357"><ele>5168.2</ele><time>2026-08-08T00:34:50Z</time></trkpt>
  <trkpt lat="63.01414" lon="-150.95236"><ele>5161.5</ele><time>2026-08-08T00:34:51Z</time></trkpt>
  <trkpt lat="63.01377" lon="-150.95120"><ele>5155.4</ele><time>2026-08-08T00:34:52Z</time></trkpt>
  <trkpt lat="63.01339" lon="-150.95012"><ele>5149.9</ele><time>2026-08-08T00:34:53Z</time></trkpt>
  <trkpt lat="63.01299" lon="-150.94912"><ele>5145.3</ele><time>2026-08-08T00:34:54Z</time></trkpt>
  <trkpt lat="63.01257" lon="-150.94818"><ele>5141.1</ele><time>2026-08-08T00:34:55Z</time></trkpt>
  <trkpt lat="63.01211" lon="-150.94728"><ele>5137.4</ele><time>2026-08-08T00:34:56Z</time></trkpt>
  <trkpt lat="63.01163" lon="-150.94643"><ele>5133.7</ele><time>2026-08-08T00:34:57Z</time></trkpt>
  <trkpt lat="63.01111" lon="-150.94562"><ele>5130.4</ele><time>2026-08-08T00:34:58Z</time></trkpt>
  <trkpt lat="63.01058" lon="-150.94491"><ele>5127.0</ele><time>2026-08-08T00:34:59Z</time></trkpt>
  <trkpt lat="63.01005" lon="-150.94429"><ele>5124.3</ele><time>2026-08-08T00:35:00Z</time></trkpt>
  <trkpt lat="63.00953" lon="-150.94378"><ele>5121.9</ele><time>2026-08-08T00:35:01Z</time></trkpt>
  <trkpt lat="63.00901" lon="-150.94336"><ele>5119.7</ele><time>2026-08-08T00:35:02Z</time></trkpt>
  <trkpt lat="63.00850" lon="-150.94304"><ele>5117.3</ele><time>2026-08-08T00:35:03Z</time></trkpt>
  <trkpt lat="63.00797" lon="-150.94280"><ele>5113.9</ele><time>2026-08-08T00:35:04Z</time></trkpt>
  <trkpt lat="63.00741" lon="-150.94265"><ele>5109.7</ele><time>2026-08-08T00:35:05Z</time></trkpt>
  <trkpt lat="63.00684" lon="-150.94256"><ele>5104.5</ele><time>2026-08-08T00:35:06Z</time></trkpt>
  <trkpt lat="63.00628" lon="-150.94255"><ele>5099.3</ele><time>2026-08-08T00:35:07Z</time></trkpt>
  <trkpt lat="63.00576" lon="-150.94263"><ele>5093.8</ele><time>2026-08-08T00:35:08Z</time></trkpt>
  <trkpt lat="63.00527" lon="-150.94281"><ele>5088.3</ele><time>2026-08-08T00:35:09Z</time></trkpt>
  <trkpt lat="63.00479" lon="-150.94308"><ele>5081.9</ele><time>2026-08-08T00:35:10Z</time></trkpt>
  <trkpt lat="63.00432" lon="-150.94342"><ele>5074.9</ele><time>2026-08-08T00:35:11Z</time></trkpt>
  <trkpt lat="63.00385" lon="-150.94382"><ele>5067.9</ele><time>2026-08-08T00:35:12Z</time></trkpt>
  <trkpt lat="63.00339" lon="-150.94429"><ele>5061.5</ele><time>2026-08-08T00:35:13Z</time></trkpt>
  <trkpt lat="63.00295" lon="-150.94484"><ele>5055.7</ele><time>2026-08-08T00:35:14Z</time></trkpt>
  <trkpt lat="63.00253" lon="-150.94546"><ele>5050.2</ele><time>2026-08-08T00:35:15Z</time></trkpt>
  <trkpt lat="63.00212" lon="-150.94614"><ele>5044.7</ele><time>2026-08-08T00:35:16Z</time></trkpt>
  <trkpt lat="63.00173" lon="-150.94685"><ele>5039.3</ele><time>2026-08-08T00:35:17Z</time></trkpt>
  <trkpt lat="63.00136" lon="-150.94760"><ele>5033.2</ele><time>2026-08-08T00:35:18Z</time></trkpt>
  <trkpt lat="63.00101" lon="-150.94837"><ele>5027.7</ele><time>2026-08-08T00:35:19Z</time></trkpt>
  <trkpt lat="63.00067" lon="-150.94916"><ele>5022.5</ele><time>2026-08-08T00:35:20Z</time></trkpt>
  <trkpt lat="63.00035" lon="-150.94997"><ele>5018.2</ele><time>2026-08-08T00:35:21Z</time></trkpt>
  <trkpt lat="63.00005" lon="-150.95082"><ele>5014.0</ele><time>2026-08-08T00:35:22Z</time></trkpt>
  <trkpt lat="62.99976" lon="-150.95172"><ele>5009.4</ele><time>2026-08-08T00:35:23Z</time></trkpt>
  <trkpt lat="62.99949" lon="-150.95265"><ele>5004.5</ele><time>2026-08-08T00:35:24Z</time></trkpt>
  <trkpt lat="62.99924" lon="-150.95360"><ele>4999.3</ele><time>2026-08-08T00:35:25Z</time></trkpt>
  <trkpt lat="62.99901" lon="-150.95455"><ele>4993.5</ele><time>2026-08-08T00:35:26Z</time></trkpt>
  <trkpt lat="62.99880" lon="-150.95551"><ele>4987.4</ele><time>2026-08-08T00:35:27Z</time></trkpt>
  <trkpt lat="62.99862" lon="-150.95647"><ele>4981.3</ele><time>2026-08-08T00:35:28Z</time></trkpt>
  <trkpt lat="62.99845" lon="-150.95746"><ele>4975.9</ele><time>2026-08-08T00:35:29Z</time></trkpt>
  <trkpt lat="62.99830" lon="-150.95846"><ele>4970.7</ele><time>2026-08-08T00:35:30Z</time></trkpt>
  <trkpt lat="62.99817" lon="-150.95945"><ele>4966.4</ele><time>2026-08-08T00:35:31Z</time></trkpt>
  <trkpt lat="62.99806" lon="-150.96046"><ele>4962.4</ele><time>2026-08-08T00:35:32Z</time></trkpt>
  <trkpt lat="62.99797" lon="-150.96148"><ele>4958.5</ele><time>2026-08-08T00:35:33Z</time></trkpt>
  <trkpt lat="62.99789" lon="-150.96253"><ele>4954.2</ele><time>2026-08-08T00:35:34Z</time></trkpt>
  <trkpt lat="62.99782" lon="-150.96359"><ele>4949.3</ele><time>2026-08-08T00:35:35Z</time></trkpt>
  <trkpt lat="62.99776" lon="-150.96463"><ele>4944.2</ele><time>2026-08-08T00:35:36Z</time></trkpt>
  <trkpt lat="62.99773" lon="-150.96565"><ele>4939.3</ele><time>2026-08-08T00:35:37Z</time></trkpt>
  <trkpt lat="62.99771" lon="-150.96665"><ele>4934.7</ele><time>2026-08-08T00:35:38Z</time></trkpt>
  <trkpt lat="62.99772" lon="-150.96766"><ele>4930.7</ele><time>2026-08-08T00:35:39Z</time></trkpt>
  <trkpt lat="62.99774" lon="-150.96868"><ele>4927.4</ele><time>2026-08-08T00:35:40Z</time></trkpt>
  <trkpt lat="62.99777" lon="-150.96970"><ele>4924.7</ele><time>2026-08-08T00:35:41Z</time></trkpt>
  <trkpt lat="62.99782" lon="-150.97071"><ele>4922.2</ele><time>2026-08-08T00:35:42Z</time></trkpt>
  <trkpt lat="62.99789" lon="-150.97170"><ele>4919.5</ele><time>2026-08-08T00:35:43Z</time></trkpt>
  <trkpt lat="62.99796" lon="-150.97268"><ele>4916.1</ele><time>2026-08-08T00:35:44Z</time></trkpt>
  <trkpt lat="62.99805" lon="-150.97366"><ele>4911.9</ele><time>2026-08-08T00:35:45Z</time></trkpt>
  <trkpt lat="62.99814" lon="-150.97463"><ele>4906.7</ele><time>2026-08-08T00:35:46Z</time></trkpt>
  <trkpt lat="62.99825" lon="-150.97562"><ele>4901.2</ele><time>2026-08-08T00:35:47Z</time></trkpt>
  <trkpt lat="62.99836" lon="-150.97660"><ele>4896.0</ele><time>2026-08-08T00:35:48Z</time></trkpt>
  <trkpt lat="62.99849" lon="-150.97757"><ele>4891.1</ele><time>2026-08-08T00:35:49Z</time></trkpt>
  <trkpt lat="62.99863" lon="-150.97853"><ele>4886.9</ele><time>2026-08-08T00:35:50Z</time></trkpt>
  <trkpt lat="62.99879" lon="-150.97950"><ele>4882.6</ele><time>2026-08-08T00:35:51Z</time></trkpt>
  <trkpt lat="62.99895" lon="-150.98047"><ele>4878.3</ele><time>2026-08-08T00:35:52Z</time></trkpt>
  <trkpt lat="62.99911" lon="-150.98143"><ele>4872.8</ele><time>2026-08-08T00:35:53Z</time></trkpt>
  <trkpt lat="62.99929" lon="-150.98237"><ele>4866.7</ele><time>2026-08-08T00:35:54Z</time></trkpt>
  <trkpt lat="62.99946" lon="-150.98331"><ele>4859.7</ele><time>2026-08-08T00:35:55Z</time></trkpt>
  <trkpt lat="62.99964" lon="-150.98426"><ele>4852.4</ele><time>2026-08-08T00:35:56Z</time></trkpt>
  <trkpt lat="62.99983" lon="-150.98521"><ele>4845.1</ele><time>2026-08-08T00:35:57Z</time></trkpt>
  <trkpt lat="63.00002" lon="-150.98616"><ele>4837.8</ele><time>2026-08-08T00:35:58Z</time></trkpt>
  <trkpt lat="63.00021" lon="-150.98708"><ele>4830.8</ele><time>2026-08-08T00:35:59Z</time></trkpt>
  <trkpt lat="63.00041" lon="-150.98801"><ele>4823.8</ele><time>2026-08-08T00:36:00Z</time></trkpt>
  <trkpt lat="63.00061" lon="-150.98894"><ele>4817.1</ele><time>2026-08-08T00:36:01Z</time></trkpt>
  <trkpt lat="63.00082" lon="-150.98990"><ele>4810.7</ele><time>2026-08-08T00:36:02Z</time></trkpt>
  <trkpt lat="63.00104" lon="-150.99086"><ele>4804.0</ele><time>2026-08-08T00:36:03Z</time></trkpt>
  <trkpt lat="63.00126" lon="-150.99179"><ele>4797.9</ele><time>2026-08-08T00:36:04Z</time></trkpt>
  <trkpt lat="63.00147" lon="-150.99267"><ele>4791.8</ele><time>2026-08-08T00:36:05Z</time></trkpt>
  <trkpt lat="63.00168" lon="-150.99354"><ele>4786.0</ele><time>2026-08-08T00:36:06Z</time></trkpt>
  <trkpt lat="63.00191" lon="-150.99443"><ele>4779.9</ele><time>2026-08-08T00:36:07Z</time></trkpt>
  <trkpt lat="63.00215" lon="-150.99538"><ele>4773.8</ele><time>2026-08-08T00:36:08Z</time></trkpt>
  <trkpt lat="63.00240" lon="-150.99638"><ele>4767.7</ele><time>2026-08-08T00:36:09Z</time></trkpt>
  <trkpt lat="63.00267" lon="-150.99742"><ele>4761.3</ele><time>2026-08-08T00:36:10Z</time></trkpt>
  <trkpt lat="63.00293" lon="-150.99842"><ele>4755.2</ele><time>2026-08-08T00:36:11Z</time></trkpt>
  <trkpt lat="63.00318" lon="-150.99937"><ele>4749.4</ele><time>2026-08-08T00:36:12Z</time></trkpt>
  <trkpt lat="63.00342" lon="-151.00030"><ele>4743.6</ele><time>2026-08-08T00:36:13Z</time></trkpt>
  <trkpt lat="63.00367" lon="-151.00125"><ele>4738.1</ele><time>2026-08-08T00:36:14Z</time></trkpt>
  <trkpt lat="63.00393" lon="-151.00224"><ele>4732.3</ele><time>2026-08-08T00:36:15Z</time></trkpt>
  <trkpt lat="63.00420" lon="-151.00327"><ele>4726.2</ele><time>2026-08-08T00:36:16Z</time></trkpt>
  <trkpt lat="63.00447" lon="-151.00430"><ele>4720.4</ele><time>2026-08-08T00:36:17Z</time></trkpt>
  <trkpt lat="63.00474" lon="-151.00533"><ele>4714.6</ele><time>2026-08-08T00:36:18Z</time></trkpt>
  <trkpt lat="63.00500" lon="-151.00633"><ele>4708.9</ele><time>2026-08-08T00:36:19Z</time></trkpt>
  <trkpt lat="63.00525" lon="-151.00728"><ele>4703.4</ele><time>2026-08-08T00:36:20Z</time></trkpt>
  <trkpt lat="63.00549" lon="-151.00819"><ele>4697.9</ele><time>2026-08-08T00:36:21Z</time></trkpt>
  <trkpt lat="63.00571" lon="-151.00906"><ele>4692.4</ele><time>2026-08-08T00:36:22Z</time></trkpt>
  <trkpt lat="63.00594" lon="-151.00999"><ele>4686.9</ele><time>2026-08-08T00:36:23Z</time></trkpt>
  <trkpt lat="63.00618" lon="-151.01098"><ele>4681.1</ele><time>2026-08-08T00:36:24Z</time></trkpt>
  <trkpt lat="63.00640" lon="-151.01196"><ele>4675.0</ele><time>2026-08-08T00:36:25Z</time></trkpt>
  <trkpt lat="63.00658" lon="-151.01285"><ele>4669.2</ele><time>2026-08-08T00:36:26Z</time></trkpt>
  <trkpt lat="63.00673" lon="-151.01369"><ele>4663.4</ele><time>2026-08-08T00:36:27Z</time></trkpt>
  <trkpt lat="63.00687" lon="-151.01455"><ele>4658.0</ele><time>2026-08-08T00:36:28Z</time></trkpt>
  <trkpt lat="63.00701" lon="-151.01547"><ele>4652.2</ele><time>2026-08-08T00:36:29Z</time></trkpt>
  <trkpt lat="63.00713" lon="-151.01644"><ele>4646.7</ele><time>2026-08-08T00:36:30Z</time></trkpt>
  <trkpt lat="63.00724" lon="-151.01742"><ele>4641.2</ele><time>2026-08-08T00:36:31Z</time></trkpt>
  <trkpt lat="63.00732" lon="-151.01838"><ele>4635.7</ele><time>2026-08-08T00:36:32Z</time></trkpt>
  <trkpt lat="63.00739" lon="-151.01928"><ele>4629.9</ele><time>2026-08-08T00:36:33Z</time></trkpt>
  <trkpt lat="63.00745" lon="-151.02017"><ele>4623.5</ele><time>2026-08-08T00:36:34Z</time></trkpt>
  <trkpt lat="63.00749" lon="-151.02115"><ele>4616.8</ele><time>2026-08-08T00:36:35Z</time></trkpt>
  <trkpt lat="63.00752" lon="-151.02220"><ele>4609.5</ele><time>2026-08-08T00:36:36Z</time></trkpt>
  <trkpt lat="63.00755" lon="-151.02326"><ele>4602.2</ele><time>2026-08-08T00:36:37Z</time></trkpt>
  <trkpt lat="63.00758" lon="-151.02432"><ele>4594.9</ele><time>2026-08-08T00:36:38Z</time></trkpt>
  <trkpt lat="63.00760" lon="-151.02543"><ele>4587.2</ele><time>2026-08-08T00:36:39Z</time></trkpt>
  <trkpt lat="63.00763" lon="-151.02661"><ele>4579.6</ele><time>2026-08-08T00:36:40Z</time></trkpt>
  <trkpt lat="63.00766" lon="-151.02783"><ele>4571.7</ele><time>2026-08-08T00:36:41Z</time></trkpt>
  <trkpt lat="63.00768" lon="-151.02906"><ele>4563.8</ele><time>2026-08-08T00:36:42Z</time></trkpt>
  <trkpt lat="63.00771" lon="-151.03025"><ele>4556.2</ele><time>2026-08-08T00:36:43Z</time></trkpt>
  <trkpt lat="63.00774" lon="-151.03138"><ele>4549.1</ele><time>2026-08-08T00:36:44Z</time></trkpt>
  <trkpt lat="63.00777" lon="-151.03246"><ele>4542.7</ele><time>2026-08-08T00:36:45Z</time></trkpt>
  <trkpt lat="63.00780" lon="-151.03355"><ele>4536.9</ele><time>2026-08-08T00:36:46Z</time></trkpt>
  <trkpt lat="63.00785" lon="-151.03468"><ele>4532.4</ele><time>2026-08-08T00:36:47Z</time></trkpt>
  <trkpt lat="63.00791" lon="-151.03577"><ele>4528.7</ele><time>2026-08-08T00:36:48Z</time></trkpt>
  <trkpt lat="63.00799" lon="-151.03676"><ele>4526.3</ele><time>2026-08-08T00:36:49Z</time></trkpt>
  <trkpt lat="63.00810" lon="-151.03769"><ele>4523.8</ele><time>2026-08-08T00:36:50Z</time></trkpt>
  <trkpt lat="63.00823" lon="-151.03863"><ele>4521.4</ele><time>2026-08-08T00:36:51Z</time></trkpt>
  <trkpt lat="63.00839" lon="-151.03960"><ele>4518.1</ele><time>2026-08-08T00:36:52Z</time></trkpt>
  <trkpt lat="63.00858" lon="-151.04055"><ele>4514.1</ele><time>2026-08-08T00:36:53Z</time></trkpt>
  <trkpt lat="63.00880" lon="-151.04146"><ele>4510.1</ele><time>2026-08-08T00:36:54Z</time></trkpt>
  <trkpt lat="63.00905" lon="-151.04231"><ele>4505.6</ele><time>2026-08-08T00:36:55Z</time></trkpt>
  <trkpt lat="63.00933" lon="-151.04311"><ele>4501.9</ele><time>2026-08-08T00:36:56Z</time></trkpt>
  <trkpt lat="63.00967" lon="-151.04386"><ele>4498.8</ele><time>2026-08-08T00:36:57Z</time></trkpt>
  <trkpt lat="63.01005" lon="-151.04454"><ele>4496.7</ele><time>2026-08-08T00:36:58Z</time></trkpt>
  <trkpt lat="63.01046" lon="-151.04514"><ele>4494.9</ele><time>2026-08-08T00:36:59Z</time></trkpt>
  <trkpt lat="63.01090" lon="-151.04564"><ele>4492.8</ele><time>2026-08-08T00:37:00Z</time></trkpt>
  <trkpt lat="63.01136" lon="-151.04604"><ele>4489.7</ele><time>2026-08-08T00:37:01Z</time></trkpt>
  <trkpt lat="63.01183" lon="-151.04636"><ele>4486.0</ele><time>2026-08-08T00:37:02Z</time></trkpt>
  <trkpt lat="63.01230" lon="-151.04660"><ele>4481.5</ele><time>2026-08-08T00:37:03Z</time></trkpt>
  <trkpt lat="63.01276" lon="-151.04675"><ele>4476.0</ele><time>2026-08-08T00:37:04Z</time></trkpt>
  <trkpt lat="63.01322" lon="-151.04680"><ele>4469.9</ele><time>2026-08-08T00:37:05Z</time></trkpt>
  <trkpt lat="63.01369" lon="-151.04677"><ele>4464.1</ele><time>2026-08-08T00:37:06Z</time></trkpt>
  <trkpt lat="63.01418" lon="-151.04667"><ele>4458.9</ele><time>2026-08-08T00:37:07Z</time></trkpt>
  <trkpt lat="63.01469" lon="-151.04650"><ele>4454.3</ele><time>2026-08-08T00:37:08Z</time></trkpt>
  <trkpt lat="63.01519" lon="-151.04627"><ele>4449.5</ele><time>2026-08-08T00:37:09Z</time></trkpt>
  <trkpt lat="63.01568" lon="-151.04599"><ele>4444.6</ele><time>2026-08-08T00:37:10Z</time></trkpt>
  <trkpt lat="63.01617" lon="-151.04568"><ele>4439.7</ele><time>2026-08-08T00:37:11Z</time></trkpt>
  <trkpt lat="63.01668" lon="-151.04537"><ele>4434.8</ele><time>2026-08-08T00:37:12Z</time></trkpt>
  <trkpt lat="63.01720" lon="-151.04509"><ele>4430.3</ele><time>2026-08-08T00:37:13Z</time></trkpt>
  <trkpt lat="63.01772" lon="-151.04482"><ele>4426.3</ele><time>2026-08-08T00:37:14Z</time></trkpt>
  <trkpt lat="63.01825" lon="-151.04459"><ele>4422.6</ele><time>2026-08-08T00:37:15Z</time></trkpt>
  <trkpt lat="63.01876" lon="-151.04441"><ele>4419.0</ele><time>2026-08-08T00:37:16Z</time></trkpt>
  <trkpt lat="63.01926" lon="-151.04429"><ele>4415.6</ele><time>2026-08-08T00:37:17Z</time></trkpt>
  <trkpt lat="63.01975" lon="-151.04423"><ele>4412.0</ele><time>2026-08-08T00:37:18Z</time></trkpt>
  <trkpt lat="63.02024" lon="-151.04421"><ele>4408.6</ele><time>2026-08-08T00:37:19Z</time></trkpt>
  <trkpt lat="63.02075" lon="-151.04422"><ele>4404.7</ele><time>2026-08-08T00:37:20Z</time></trkpt>
  <trkpt lat="63.02127" lon="-151.04425"><ele>4400.7</ele><time>2026-08-08T00:37:21Z</time></trkpt>
  <trkpt lat="63.02181" lon="-151.04428"><ele>4396.7</ele><time>2026-08-08T00:37:22Z</time></trkpt>
  <trkpt lat="63.02238" lon="-151.04432"><ele>4392.8</ele><time>2026-08-08T00:37:23Z</time></trkpt>
  <trkpt lat="63.02294" lon="-151.04436"><ele>4389.4</ele><time>2026-08-08T00:37:24Z</time></trkpt>
  <trkpt lat="63.02348" lon="-151.04437"><ele>4386.7</ele><time>2026-08-08T00:37:25Z</time></trkpt>
  <trkpt lat="63.02399" lon="-151.04431"><ele>4385.5</ele><time>2026-08-08T00:37:26Z</time></trkpt>
  <trkpt lat="63.02450" lon="-151.04417"><ele>4384.9</ele><time>2026-08-08T00:37:27Z</time></trkpt>
  <trkpt lat="63.02500" lon="-151.04391"><ele>4384.5</ele><time>2026-08-08T00:37:28Z</time></trkpt>
  <trkpt lat="63.02549" lon="-151.04354"><ele>4384.9</ele><time>2026-08-08T00:37:29Z</time></trkpt>
  <trkpt lat="63.02597" lon="-151.04309"><ele>4385.2</ele><time>2026-08-08T00:37:30Z</time></trkpt>
  <trkpt lat="63.02643" lon="-151.04255"><ele>4385.5</ele><time>2026-08-08T00:37:31Z</time></trkpt>
  <trkpt lat="63.02686" lon="-151.04190"><ele>4385.5</ele><time>2026-08-08T00:37:32Z</time></trkpt>
  <trkpt lat="63.02724" lon="-151.04113"><ele>4384.5</ele><time>2026-08-08T00:37:33Z</time></trkpt>
  <trkpt lat="63.02758" lon="-151.04023"><ele>4383.3</ele><time>2026-08-08T00:37:34Z</time></trkpt>
  <trkpt lat="63.02787" lon="-151.03924"><ele>4382.4</ele><time>2026-08-08T00:37:35Z</time></trkpt>
  <trkpt lat="63.02811" lon="-151.03820"><ele>4381.2</ele><time>2026-08-08T00:37:36Z</time></trkpt>
  <trkpt lat="63.02829" lon="-151.03714"><ele>4379.7</ele><time>2026-08-08T00:37:37Z</time></trkpt>
  <trkpt lat="63.02840" lon="-151.03604"><ele>4377.2</ele><time>2026-08-08T00:37:38Z</time></trkpt>
  <trkpt lat="63.02849" lon="-151.03487"><ele>4374.2</ele><time>2026-08-08T00:37:39Z</time></trkpt>
  <trkpt lat="63.02855" lon="-151.03364"><ele>4371.1</ele><time>2026-08-08T00:37:40Z</time></trkpt>
  <trkpt lat="63.02861" lon="-151.03238"><ele>4368.4</ele><time>2026-08-08T00:37:41Z</time></trkpt>
  <trkpt lat="63.02865" lon="-151.03111"><ele>4366.9</ele><time>2026-08-08T00:37:42Z</time></trkpt>
  <trkpt lat="63.02869" lon="-151.02985"><ele>4366.0</ele><time>2026-08-08T00:37:43Z</time></trkpt>
  <trkpt lat="63.02873" lon="-151.02859"><ele>4366.0</ele><time>2026-08-08T00:37:44Z</time></trkpt>
  <trkpt lat="63.02879" lon="-151.02736"><ele>4366.0</ele><time>2026-08-08T00:37:45Z</time></trkpt>
  <trkpt lat="63.02887" lon="-151.02618"><ele>4366.6</ele><time>2026-08-08T00:37:46Z</time></trkpt>
  <trkpt lat="63.02899" lon="-151.02507"><ele>4367.8</ele><time>2026-08-08T00:37:47Z</time></trkpt>
  <trkpt lat="63.02914" lon="-151.02403"><ele>4370.2</ele><time>2026-08-08T00:37:48Z</time></trkpt>
  <trkpt lat="63.02933" lon="-151.02306"><ele>4373.0</ele><time>2026-08-08T00:37:49Z</time></trkpt>
  <trkpt lat="63.02955" lon="-151.02213"><ele>4375.7</ele><time>2026-08-08T00:37:50Z</time></trkpt>
  <trkpt lat="63.02982" lon="-151.02127"><ele>4377.2</ele><time>2026-08-08T00:37:51Z</time></trkpt>
  <trkpt lat="63.03013" lon="-151.02055"><ele>4376.6</ele><time>2026-08-08T00:37:52Z</time></trkpt>
  <trkpt lat="63.03048" lon="-151.02005"><ele>4374.8</ele><time>2026-08-08T00:37:53Z</time></trkpt>
  <trkpt lat="63.03084" lon="-151.01978"><ele>4371.7</ele><time>2026-08-08T00:37:54Z</time></trkpt>
  <trkpt lat="63.03123" lon="-151.01964"><ele>4368.7</ele><time>2026-08-08T00:37:55Z</time></trkpt>
  <trkpt lat="63.03166" lon="-151.01955"><ele>4365.7</ele><time>2026-08-08T00:37:56Z</time></trkpt>
  <trkpt lat="63.03213" lon="-151.01947"><ele>4362.3</ele><time>2026-08-08T00:37:57Z</time></trkpt>
  <trkpt lat="63.03262" lon="-151.01940"><ele>4359.2</ele><time>2026-08-08T00:37:58Z</time></trkpt>
  <trkpt lat="63.03312" lon="-151.01934"><ele>4355.9</ele><time>2026-08-08T00:37:59Z</time></trkpt>
  <trkpt lat="63.03360" lon="-151.01930"><ele>4352.5</ele><time>2026-08-08T00:38:00Z</time></trkpt>
  <trkpt lat="63.03406" lon="-151.01928"><ele>4349.5</ele><time>2026-08-08T00:38:01Z</time></trkpt>
  <trkpt lat="63.03450" lon="-151.01932"><ele>4346.8</ele><time>2026-08-08T00:38:02Z</time></trkpt>
  <trkpt lat="63.03492" lon="-151.01946"><ele>4344.0</ele><time>2026-08-08T00:38:03Z</time></trkpt>
  <trkpt lat="63.03534" lon="-151.01979"><ele>4341.3</ele><time>2026-08-08T00:38:04Z</time></trkpt>
  <trkpt lat="63.03572" lon="-151.02031"><ele>4338.8</ele><time>2026-08-08T00:38:05Z</time></trkpt>
  <trkpt lat="63.03603" lon="-151.02095"><ele>4336.7</ele><time>2026-08-08T00:38:06Z</time></trkpt>
  <trkpt lat="63.03627" lon="-151.02166"><ele>4334.9</ele><time>2026-08-08T00:38:07Z</time></trkpt>
  <trkpt lat="63.03649" lon="-151.02239"><ele>4332.7</ele><time>2026-08-08T00:38:08Z</time></trkpt>
  <trkpt lat="63.03670" lon="-151.02317"><ele>4330.9</ele><time>2026-08-08T00:38:09Z</time></trkpt>
  <trkpt lat="63.03690" lon="-151.02400"><ele>4329.7</ele><time>2026-08-08T00:38:10Z</time></trkpt>
  <trkpt lat="63.03707" lon="-151.02490"><ele>4328.8</ele><time>2026-08-08T00:38:11Z</time></trkpt>
  <trkpt lat="63.03722" lon="-151.02590"><ele>4328.5</ele><time>2026-08-08T00:38:12Z</time></trkpt>
  <trkpt lat="63.03737" lon="-151.02698"><ele>4328.2</ele><time>2026-08-08T00:38:13Z</time></trkpt>
  <trkpt lat="63.03751" lon="-151.02809"><ele>4327.9</ele><time>2026-08-08T00:38:14Z</time></trkpt>
  <trkpt lat="63.03762" lon="-151.02921"><ele>4326.6</ele><time>2026-08-08T00:38:15Z</time></trkpt>
  <trkpt lat="63.03771" lon="-151.03031"><ele>4325.1</ele><time>2026-08-08T00:38:16Z</time></trkpt>
  <trkpt lat="63.03775" lon="-151.03138"><ele>4323.6</ele><time>2026-08-08T00:38:17Z</time></trkpt>
  <trkpt lat="63.03776" lon="-151.03240"><ele>4322.1</ele><time>2026-08-08T00:38:18Z</time></trkpt>
  <trkpt lat="63.03774" lon="-151.03337"><ele>4320.8</ele><time>2026-08-08T00:38:19Z</time></trkpt>
  <trkpt lat="63.03768" lon="-151.03431"><ele>4319.9</ele><time>2026-08-08T00:38:20Z</time></trkpt>
  <trkpt lat="63.03760" lon="-151.03525"><ele>4318.7</ele><time>2026-08-08T00:38:21Z</time></trkpt>
  <trkpt lat="63.03748" lon="-151.03621"><ele>4316.6</ele><time>2026-08-08T00:38:22Z</time></trkpt>
  <trkpt lat="63.03733" lon="-151.03719"><ele>4313.8</ele><time>2026-08-08T00:38:23Z</time></trkpt>
  <trkpt lat="63.03715" lon="-151.03815"><ele>4310.5</ele><time>2026-08-08T00:38:24Z</time></trkpt>
  <trkpt lat="63.03695" lon="-151.03908"><ele>4307.7</ele><time>2026-08-08T00:38:25Z</time></trkpt>
  <trkpt lat="63.03674" lon="-151.03996"><ele>4305.0</ele><time>2026-08-08T00:38:26Z</time></trkpt>
  <trkpt lat="63.03652" lon="-151.04082"><ele>4302.6</ele><time>2026-08-08T00:38:27Z</time></trkpt>
  <trkpt lat="63.03628" lon="-151.04169"><ele>4300.4</ele><time>2026-08-08T00:38:28Z</time></trkpt>
  <trkpt lat="63.03599" lon="-151.04258"><ele>4299.2</ele><time>2026-08-08T00:38:29Z</time></trkpt>
  <trkpt lat="63.03566" lon="-151.04345"><ele>4298.3</ele><time>2026-08-08T00:38:30Z</time></trkpt>
  <trkpt lat="63.03530" lon="-151.04425"><ele>4297.7</ele><time>2026-08-08T00:38:31Z</time></trkpt>
  <trkpt lat="63.03492" lon="-151.04495"><ele>4297.1</ele><time>2026-08-08T00:38:32Z</time></trkpt>
  <trkpt lat="63.03453" lon="-151.04558"><ele>4296.2</ele><time>2026-08-08T00:38:33Z</time></trkpt>
  <trkpt lat="63.03412" lon="-151.04612"><ele>4294.0</ele><time>2026-08-08T00:38:34Z</time></trkpt>
  <trkpt lat="63.03368" lon="-151.04659"><ele>4291.0</ele><time>2026-08-08T00:38:35Z</time></trkpt>
  <trkpt lat="63.03320" lon="-151.04697"><ele>4287.3</ele><time>2026-08-08T00:38:36Z</time></trkpt>
  <trkpt lat="63.03268" lon="-151.04726"><ele>4283.0</ele><time>2026-08-08T00:38:37Z</time></trkpt>
  <trkpt lat="63.03215" lon="-151.04744"><ele>4277.9</ele><time>2026-08-08T00:38:38Z</time></trkpt>
  <trkpt lat="63.03161" lon="-151.04750"><ele>4272.1</ele><time>2026-08-08T00:38:39Z</time></trkpt>
  <trkpt lat="63.03111" lon="-151.04745"><ele>4265.4</ele><time>2026-08-08T00:38:40Z</time></trkpt>
  <trkpt lat="63.03067" lon="-151.04730"><ele>4258.4</ele><time>2026-08-08T00:38:41Z</time></trkpt>
  <trkpt lat="63.03028" lon="-151.04707"><ele>4251.0</ele><time>2026-08-08T00:38:42Z</time></trkpt>
  <trkpt lat="63.02984" lon="-151.04675"><ele>4243.4</ele><time>2026-08-08T00:38:43Z</time></trkpt>
  <trkpt lat="63.02931" lon="-151.04631"><ele>4235.5</ele><time>2026-08-08T00:38:44Z</time></trkpt>
  <trkpt lat="63.02872" lon="-151.04580"><ele>4228.5</ele><time>2026-08-08T00:38:45Z</time></trkpt>
  <trkpt lat="63.02817" lon="-151.04531"><ele>4222.4</ele><time>2026-08-08T00:38:46Z</time></trkpt>
  <trkpt lat="63.02769" lon="-151.04487"><ele>4217.5</ele><time>2026-08-08T00:38:47Z</time></trkpt>
  <trkpt lat="63.02724" lon="-151.04445"><ele>4213.9</ele><time>2026-08-08T00:38:48Z</time></trkpt>
  <trkpt lat="63.02679" lon="-151.04401"><ele>4210.2</ele><time>2026-08-08T00:38:49Z</time></trkpt>
  <trkpt lat="63.02630" lon="-151.04354"><ele>4206.8</ele><time>2026-08-08T00:38:50Z</time></trkpt>
  <trkpt lat="63.02579" lon="-151.04305"><ele>4203.5</ele><time>2026-08-08T00:38:51Z</time></trkpt>
  <trkpt lat="63.02525" lon="-151.04253"><ele>4200.1</ele><time>2026-08-08T00:38:52Z</time></trkpt>
  <trkpt lat="63.02471" lon="-151.04201"><ele>4196.8</ele><time>2026-08-08T00:38:53Z</time></trkpt>
  <trkpt lat="63.02416" lon="-151.04148"><ele>4193.1</ele><time>2026-08-08T00:38:54Z</time></trkpt>
  <trkpt lat="63.02361" lon="-151.04096"><ele>4189.8</ele><time>2026-08-08T00:38:55Z</time></trkpt>
  <trkpt lat="63.02307" lon="-151.04045"><ele>4186.4</ele><time>2026-08-08T00:38:56Z</time></trkpt>
  <trkpt lat="63.02255" lon="-151.03997"><ele>4183.4</ele><time>2026-08-08T00:38:57Z</time></trkpt>
  <trkpt lat="63.02205" lon="-151.03952"><ele>4180.3</ele><time>2026-08-08T00:38:58Z</time></trkpt>
  <trkpt lat="63.02159" lon="-151.03911"><ele>4177.3</ele><time>2026-08-08T00:38:59Z</time></trkpt>
  <trkpt lat="63.02115" lon="-151.03875"><ele>4174.2</ele><time>2026-08-08T00:39:00Z</time></trkpt>
  <trkpt lat="63.02073" lon="-151.03843"><ele>4170.9</ele><time>2026-08-08T00:39:01Z</time></trkpt>
  <trkpt lat="63.02027" lon="-151.03824"><ele>4167.2</ele><time>2026-08-08T00:39:02Z</time></trkpt>
  <trkpt lat="63.01980" lon="-151.03830"><ele>4163.0</ele><time>2026-08-08T00:39:03Z</time></trkpt>
  <trkpt lat="63.01940" lon="-151.03872"><ele>4158.1</ele><time>2026-08-08T00:39:04Z</time></trkpt>
  <trkpt lat="63.01908" lon="-151.03945"><ele>4152.6</ele><time>2026-08-08T00:39:05Z</time></trkpt>
  <trkpt lat="63.01880" lon="-151.04030"><ele>4145.6</ele><time>2026-08-08T00:39:06Z</time></trkpt>
  <trkpt lat="63.01850" lon="-151.04122"><ele>4136.4</ele><time>2026-08-08T00:39:07Z</time></trkpt>
  <trkpt lat="63.01820" lon="-151.04224"><ele>4125.2</ele><time>2026-08-08T00:39:08Z</time></trkpt>
  <trkpt lat="63.01792" lon="-151.04340"><ele>4112.4</ele><time>2026-08-08T00:39:09Z</time></trkpt>
  <trkpt lat="63.01767" lon="-151.04462"><ele>4099.9</ele><time>2026-08-08T00:39:10Z</time></trkpt>
  <trkpt lat="63.01746" lon="-151.04585"><ele>4087.4</ele><time>2026-08-08T00:39:11Z</time></trkpt>
  <trkpt lat="63.01731" lon="-151.04704"><ele>4075.5</ele><time>2026-08-08T00:39:12Z</time></trkpt>
  <trkpt lat="63.01718" lon="-151.04824"><ele>4063.9</ele><time>2026-08-08T00:39:13Z</time></trkpt>
  <trkpt lat="63.01707" lon="-151.04945"><ele>4052.9</ele><time>2026-08-08T00:39:14Z</time></trkpt>
  <trkpt lat="63.01697" lon="-151.05065"><ele>4042.0</ele><time>2026-08-08T00:39:15Z</time></trkpt>
  <trkpt lat="63.01689" lon="-151.05179"><ele>4031.0</ele><time>2026-08-08T00:39:16Z</time></trkpt>
  <trkpt lat="63.01681" lon="-151.05295"><ele>4020.0</ele><time>2026-08-08T00:39:17Z</time></trkpt>
  <trkpt lat="63.01673" lon="-151.05421"><ele>4008.7</ele><time>2026-08-08T00:39:18Z</time></trkpt>
  <trkpt lat="63.01663" lon="-151.05556"><ele>3997.1</ele><time>2026-08-08T00:39:19Z</time></trkpt>
  <trkpt lat="63.01652" lon="-151.05695"><ele>3985.0</ele><time>2026-08-08T00:39:20Z</time></trkpt>
  <trkpt lat="63.01639" lon="-151.05831"><ele>3972.8</ele><time>2026-08-08T00:39:21Z</time></trkpt>
  <trkpt lat="63.01622" lon="-151.05962"><ele>3960.9</ele><time>2026-08-08T00:39:22Z</time></trkpt>
  <trkpt lat="63.01603" lon="-151.06086"><ele>3949.9</ele><time>2026-08-08T00:39:23Z</time></trkpt>
  <trkpt lat="63.01581" lon="-151.06203"><ele>3939.8</ele><time>2026-08-08T00:39:24Z</time></trkpt>
  <trkpt lat="63.01557" lon="-151.06311"><ele>3931.3</ele><time>2026-08-08T00:39:25Z</time></trkpt>
  <trkpt lat="63.01529" lon="-151.06414"><ele>3924.0</ele><time>2026-08-08T00:39:26Z</time></trkpt>
  <trkpt lat="63.01496" lon="-151.06516"><ele>3917.3</ele><time>2026-08-08T00:39:27Z</time></trkpt>
  <trkpt lat="63.01457" lon="-151.06622"><ele>3910.0</ele><time>2026-08-08T00:39:28Z</time></trkpt>
  <trkpt lat="63.01414" lon="-151.06731"><ele>3901.7</ele><time>2026-08-08T00:39:29Z</time></trkpt>
  <trkpt lat="63.01371" lon="-151.06837"><ele>3892.9</ele><time>2026-08-08T00:39:30Z</time></trkpt>
  <trkpt lat="63.01328" lon="-151.06935"><ele>3883.5</ele><time>2026-08-08T00:39:31Z</time></trkpt>
  <trkpt lat="63.01285" lon="-151.07023"><ele>3873.4</ele><time>2026-08-08T00:39:32Z</time></trkpt>
  <trkpt lat="63.01241" lon="-151.07103"><ele>3863.0</ele><time>2026-08-08T00:39:33Z</time></trkpt>
  <trkpt lat="63.01195" lon="-151.07181"><ele>3852.7</ele><time>2026-08-08T00:39:34Z</time></trkpt>
  <trkpt lat="63.01146" lon="-151.07260"><ele>3842.9</ele><time>2026-08-08T00:39:35Z</time></trkpt>
  <trkpt lat="63.01095" lon="-151.07341"><ele>3833.2</ele><time>2026-08-08T00:39:36Z</time></trkpt>
  <trkpt lat="63.01043" lon="-151.07424"><ele>3824.6</ele><time>2026-08-08T00:39:37Z</time></trkpt>
  <trkpt lat="63.00993" lon="-151.07506"><ele>3817.3</ele><time>2026-08-08T00:39:38Z</time></trkpt>
  <trkpt lat="63.00945" lon="-151.07588"><ele>3810.9</ele><time>2026-08-08T00:39:39Z</time></trkpt>
  <trkpt lat="63.00900" lon="-151.07666"><ele>3805.7</ele><time>2026-08-08T00:39:40Z</time></trkpt>
  <trkpt lat="63.00858" lon="-151.07743"><ele>3800.6</ele><time>2026-08-08T00:39:41Z</time></trkpt>
  <trkpt lat="63.00816" lon="-151.07827"><ele>3795.1</ele><time>2026-08-08T00:39:42Z</time></trkpt>
  <trkpt lat="63.00772" lon="-151.07919"><ele>3788.7</ele><time>2026-08-08T00:39:43Z</time></trkpt>
  <trkpt lat="63.00726" lon="-151.08015"><ele>3781.3</ele><time>2026-08-08T00:39:44Z</time></trkpt>
 </trkseg></trk>
</gpx>
